-- MySQL dump 10.13  Distrib 5.5.24, for debian-linux-gnu (x86_64)
--
-- Host: localhost    Database: naofume
-- ------------------------------------------------------
-- Server version	5.5.24-0ubuntu0.12.04.1

/*!40101 SET @OLD_CHARACTER_SET_CLIENT=@@CHARACTER_SET_CLIENT */;
/*!40101 SET @OLD_CHARACTER_SET_RESULTS=@@CHARACTER_SET_RESULTS */;
/*!40101 SET @OLD_COLLATION_CONNECTION=@@COLLATION_CONNECTION */;
/*!40101 SET NAMES utf8 */;
/*!40103 SET @OLD_TIME_ZONE=@@TIME_ZONE */;
/*!40103 SET TIME_ZONE='+00:00' */;
/*!40014 SET @OLD_UNIQUE_CHECKS=@@UNIQUE_CHECKS, UNIQUE_CHECKS=0 */;
/*!40014 SET @OLD_FOREIGN_KEY_CHECKS=@@FOREIGN_KEY_CHECKS, FOREIGN_KEY_CHECKS=0 */;
/*!40101 SET @OLD_SQL_MODE=@@SQL_MODE, SQL_MODE='NO_AUTO_VALUE_ON_ZERO' */;
/*!40111 SET @OLD_SQL_NOTES=@@SQL_NOTES, SQL_NOTES=0 */;

--
-- Table structure for table `cigarette_cigarette`
--

DROP TABLE IF EXISTS `cigarette_cigarette`;
/*!40101 SET @saved_cs_client     = @@character_set_client */;
/*!40101 SET character_set_client = utf8 */;
CREATE TABLE `cigarette_cigarette` (
  `id` int(11) NOT NULL AUTO_INCREMENT,
  `name` varchar(120) NOT NULL,
  `brand` varchar(120) NOT NULL,
  `picture` varchar(100) DEFAULT NULL,
  `price` double NOT NULL,
  `amount` int(11) NOT NULL,
  PRIMARY KEY (`id`)
) ENGINE=InnoDB AUTO_INCREMENT=23 DEFAULT CHARSET=latin1;
/*!40101 SET character_set_client = @saved_cs_client */;

--
-- Dumping data for table `cigarette_cigarette`
--

LOCK TABLES `cigarette_cigarette` WRITE;
/*!40000 ALTER TABLE `cigarette_cigarette` DISABLE KEYS */;
INSERT INTO `cigarette_cigarette` VALUES (3,'Capri','Souza Cruz S/A',NULL,3,20),(4,'Charm','Souza Cruz S/A',NULL,7,20),(5,'Derby Azul','Souza Cruz S/A',NULL,4.24,20),(6,'Derby Prata','Souza Cruz S/A',NULL,4.24,20),(7,'Derby Vermelho','Souza Cruz S/A',NULL,4.24,20),(8,'Dunhill Blue','Souza Cruz S/A',NULL,5.5,20),(9,'Dunhill Crema','Souza Cruz S/A',NULL,5.5,20),(10,'Dunhill Calton Blend','Souza Cruz S/A',NULL,5.5,20),(11,'Free Blue','Souza Cruz S/A',NULL,4.75,20),(12,'Free Red','Souza Cruz S/A',NULL,5.25,20),(13,'Hilton','Souza Cruz S/A',NULL,4.3,20),(14,'Hollywood Red','Souza Cruz S/A',NULL,4.5,20),(15,'Hollywood Blue','Souza Cruz S/A',NULL,4.5,20),(16,'Hollywood Caribe','Souza Cruz S/A',NULL,4.5,20),(17,'Lucky Strike Brue','Souza Cruz S/A',NULL,5,20),(18,'Lucky Strike CLICK & ROLL','Souza Cruz S/A',NULL,5.25,20),(19,'Lucky Strike Original','Souza Cruz S/A',NULL,5,20),(20,'Plaza Gold','Souza Cruz S/A',NULL,4.3,20),(21,'Plaza Red','Souza Cruz S/A',NULL,4.3,20),(22,'Plaza Ritz','Souza Cruz S/A',NULL,4.3,20);
/*!40000 ALTER TABLE `cigarette_cigarette` ENABLE KEYS */;
UNLOCK TABLES;

--
-- Table structure for table `django_content_type`
--

DROP TABLE IF EXISTS `django_content_type`;
/*!40101 SET @saved_cs_client     = @@character_set_client */;
/*!40101 SET character_set_client = utf8 */;
CREATE TABLE `django_content_type` (
  `id` int(11) NOT NULL AUTO_INCREMENT,
  `name` varchar(100) NOT NULL,
  `app_label` varchar(100) NOT NULL,
  `model` varchar(100) NOT NULL,
  PRIMARY KEY (`id`),
  UNIQUE KEY `app_label` (`app_label`,`model`)
) ENGINE=InnoDB AUTO_INCREMENT=9 DEFAULT CHARSET=latin1;
/*!40101 SET character_set_client = @saved_cs_client */;

--
-- Dumping data for table `django_content_type`
--

LOCK TABLES `django_content_type` WRITE;
/*!40000 ALTER TABLE `django_content_type` DISABLE KEYS */;
INSERT INTO `django_content_type` VALUES (1,'content type','contenttypes','contenttype'),(2,'session','sessions','session'),(3,'migration history','south','migrationhistory'),(4,'user','profiles','user'),(5,'wall','social','wall'),(6,'user history','social','userhistory'),(7,'history cigarette','cigarette','historycigarette'),(8,'cigarette','cigarette','cigarette');
/*!40000 ALTER TABLE `django_content_type` ENABLE KEYS */;
UNLOCK TABLES;

--
-- Table structure for table `django_session`
--

DROP TABLE IF EXISTS `django_session`;
/*!40101 SET @saved_cs_client     = @@character_set_client */;
/*!40101 SET character_set_client = utf8 */;
CREATE TABLE `django_session` (
  `session_key` varchar(40) NOT NULL,
  `session_data` longtext NOT NULL,
  `expire_date` datetime NOT NULL,
  PRIMARY KEY (`session_key`),
  KEY `django_session_c25c2c28` (`expire_date`)
) ENGINE=InnoDB DEFAULT CHARSET=latin1;
/*!40101 SET character_set_client = @saved_cs_client */;

--
-- Dumping data for table `django_session`
--

LOCK TABLES `django_session` WRITE;
/*!40000 ALTER TABLE `django_session` DISABLE KEYS */;
INSERT INTO `django_session` VALUES ('001846898310595d21d5066209374c56','NzJhMWFiNTA0NzM1Y2Q0ZjAyM2Q1NjY3MDUyMjdhYzcwNDRhOWRhMDqAAn1xAShVBXRva2VucQJV\ndUFBQUc3MUV2ck9aQ1VCQUFuQjdaQTg2WUZOVEV1Tkt3cmo2WUplWkN2WHM5VG5vZVpCb2ZaQ3dx\neEtaQU44Z0poUHQ1S3k0WkMzTFhXRUtKaEdhWkNxamRJRXEwUHFzZk9lVFFHNTZNWkNFalpDV0hB\nWkRaRFUFZmJfaWRxA4oGVMQkUfNadS4=\n','2012-09-17 23:22:46'),('022eebe0e8abad64722c1dfc76dbd1aa','YWVmZDg4OTRmOGYyNjZjZDhkOTNmYzZkYWQ2MGY5N2NkMTRlNjYzMTqAAn1xAShVBXRva2VucQJV\ncEFBQUc3MUV2ck9aQ1VCQURtN3ZWajgzVGtSamVuSVpCRmJGb0lBdzhuU1F5blhKNWczWkFkRnll\nMUJxc2htTTNsOFpBUnA2S1pBYUxJT2VPMnYzc244R0p6dXVVbFh1dHJ4aDJxUGZzWEs2UVpEWkRV\nBWZiX2lkcQOKBNLCN1B1Lg==\n','2012-09-16 14:28:16'),('0246de5d8ba211fa95089a2ff89cfad2','MTNkNTNkZmE4ZWMwNDA1ODkwYTVhYmM0ZTFiYzc4YmFhNmNkN2UyOTqAAn1xAShVBXRva2VucQJV\ncUFBQUc3MUV2ck9aQ1VCQUs4WkFYbnF1VWpaQzhldlBFd3E5OVM0a2lIM2F0NjhDTlg0YnZyQTRB\nblZueHBEVm9qN25Tb1FucGRFTlpDZ05rdjJIWkIwUGFSUWxBUUVCZ2tCSmlmWkNsdXBrMFFaRFpE\nVQVmYl9pZHEDigSFyDhkdS4=\n','2012-09-15 23:57:34'),('04e8e7c05fa2ffeb459ee934c290f181','NWY0NTQ3MzIwZDY5OGNkY2VkODg0MDg4ZDQzZmEwYzQzMDc5MjI2YjqAAn1xAShVBXRva2VucQJV\ncUFBQUc3MUV2ck9aQ1VCQUFkNGl1dGFJUHZibXJqSGRMYWc2Q1pBRUcxTGdDanltOHM0TXFyWkJY\nQWtEelFGcENaQlpDNE55OEJDcWVDZzZ1RHBROXN5MEtRTE5tWkJhZFRhYkhQRW9md1FmVkFaRFpE\nVQVmYl9pZHEDigamquRm81p1Lg==\n','2012-09-16 08:01:28'),('067b29a0f33dc762b19ca6b4fb6d594a','MWRkZmNhMDI1MDNmZjc4ZmJhZGViMGUxNDY3ODFjNGQ0MjY4MGY3NzqAAn1xAShVBXRva2VucQJV\nbkFBQUc3MUV2ck9aQ1VCQUQzQ0dLVWJXRERwdm45TjNFMnFPTGs0dE40NldKQ0pWUjd0Sm5QUGEx\nd21jRHhaQ2pSVHNVZE5IUERtQ05UZjhzM0RDSVlQcFhQOVE0dGsweGNCcjdiRmVaQ1FaRFpEVQVm\nYl9pZHEDigTFSaEodS4=\n','2012-09-20 01:26:20'),('0814108e96be0aa32eaf890ed91df6e6','NjZkYjZiN2MxZTE5MmVkOTQyMjNkYWZkYTllYTg0M2M4YzhkN2UxMTqAAn1xAShVBXRva2VucQJV\nb0FBQUc3MUV2ck9aQ1VCQUliNDJUZWZ6QjllWUg0aEI0TnhuSzQ3MDZaQjV2allqdkN1NG9jRWNU\nNVJmRksxU2xwWkFCcld4TGt0M3NxN3ljdTVMQXFJYkMzaWp6WkN5bzJrY2RBeVJHQUVnWkRaRFUF\nZmJfaWRxA4oG8aSrQ/NadS4=\n','2012-09-18 16:38:23'),('094c8bc93f983a7a9c3611b51a71bbb4','M2I1OGRjZDhmZDFjOTVmN2RkYjc3ZGExOTliNmM5ZjdiMmNhOWMwYzqAAn1xAS4=\n','2012-09-17 23:30:49'),('0f62d3ed24ded2a154692c64e4afc680','NGM2Nzk0Y2RjOGRhYTMzYjZmZWQ2MjgzMWZlNjY0NDk3M2UyY2JhYjqAAn1xAShVBXRva2VucQJV\nbkFBQUc3MUV2ck9aQ1VCQU5UbDkwTmVyWFNyTVk0QzN3aE81eHM5UDZvY2p3QkpUUENQRnJNSnRj\nMmg4Q3ZaQzZva3ZTdXhRUElpTWpGTTF4VXJhN2hoeXhmdjBkc3AwOWh1WkNLN1NQMEFaRFpEVQVm\nYl9pZHEDiga9et8a81p1Lg==\n','2012-09-15 23:39:17'),('11dd514c99d520b80763d48b2fea9937','MmQ0OWJlNGQ1OGU0MTQ1NzQxOTVlMmFiYTI3M2IxZmM2MGZhNTBiYjqAAn1xAShVBXRva2VucQJV\ndEFBQUc3MUV2ck9aQ1VCQU1NUEd2NkpLTzhMZnFiWkNaQm5jZ2pSWEdTV1pCQVdUV1NpYWN0QTJD\nOHBaQU1aQ2dXazR3cDJaQWhDZnlNZXc5djM4SXAyRVNRWkJrUTYzMTk1SjZka0lKWkNYbWRnbmda\nRFpEVQVmYl9pZHEDigazgXaV81p1Lg==\n','2012-09-15 20:58:16'),('1392b67ec9b97a28e1c0647a844ad429','N2FkMGUyYTdiODkwNTg0NDY3YWRiNDQ0NGQ2NWQzYWVjN2U1YjhmMzqAAn1xAShVBXRva2VucQJV\nb0FBQUc3MUV2ck9aQ1VCQUVHaU9UN1lxMDBTRU84VzZuOXhxU0pJSW92Y1kyNmt6bUZRc0loZm1i\nVVpBWUx1SWtCOEw0M1pDSDFXVGR6M25xRXhWbTQwcmhZWkJWQXAxSEtZajZtVnExU2p3WkRaRFUF\nZmJfaWRxA4oEky8JaHUu\n','2012-09-23 18:58:22'),('14110d91c1aa537c7622d93cdb4bcaed','YWNiN2Q4ZDk3MTY1MTgxMGNlY2ZlMGUzOWY1YWFiZTM2ZjQxYzAyYzqAAn1xAShVBXRva2VucQJV\ncUFBQUc3MUV2ck9aQ1VCQUhYelpCbjJwRnlrV09BSlVHanJzclRkaFhqbmU5WkN5UDRlZUFtMWFa\nQ0tVcDY3VjRXR1BKMnZ2blUyWUNwNFBLa05jZ2NFZlZaQm1kYjJ4WkFrVUVmYjJLakp6eWdaRFpE\nVQVmYl9pZHEDigSCNPokdS4=\n','2012-09-18 01:31:07'),('16a4a398663bf70817c6c707ce49db16','NzJhMWFiNTA0NzM1Y2Q0ZjAyM2Q1NjY3MDUyMjdhYzcwNDRhOWRhMDqAAn1xAShVBXRva2VucQJV\ndUFBQUc3MUV2ck9aQ1VCQUFuQjdaQTg2WUZOVEV1Tkt3cmo2WUplWkN2WHM5VG5vZVpCb2ZaQ3dx\neEtaQU44Z0poUHQ1S3k0WkMzTFhXRUtKaEdhWkNxamRJRXEwUHFzZk9lVFFHNTZNWkNFalpDV0hB\nWkRaRFUFZmJfaWRxA4oGVMQkUfNadS4=\n','2012-09-17 16:28:35'),('170801ffe7fa58454f6de5f9e1df9869','NWRjNTRiOGE2YzEwNTAzZmI0MDI5ZGNiOTQ3MzY2MTMyMmU1ZjU4NDqAAn1xAShVBXRva2VucQJV\nb0FBQUc3MUV2ck9aQ1VCQUdZcjBPVEJiRW1KYkh1YWFGSXlmWGdzQ1lBQ1R0bWowU3U0dHBuZ2Ew\nT0dPRkpDZDM2NVhXbGlNWkFDdkoxa21ldTI5c2QxYzRpTFJmWVpCMDRWSHNXV3U3WkF3WkRaRFUF\nZmJfaWRxA4oE7LpyQXUu\n','2012-09-17 01:55:47'),('190d37c6344160742032c69abb6968f9','ZDg2MWY1ZDM1NDAyOTZlMmFjOTBiMGE5YjlmNDdkYmVkZjUxNzk1ZDqAAn1xAShVBXRva2VucQJV\ncEFBQUc3MUV2ck9aQ1VCQUlIZXhqeHNDN05FakFaQXJncjBCNGhseUVsTHp6dGg2R3FyWkJGWkNL\nMmUyaXBTNHptZ1FXUGFhYzN1UGJtSVc0TjNhY3QyWHBvcTBMeElGNTFrV05LalpBY1VoZ1pEWkRV\nBWZiX2lkcQOKBE3alCN1Lg==\n','2012-09-19 01:23:51'),('1bfd6d79c14bf5e7cad1340dbd7644a8','MjU0MmNhYzRhYzRjMGIzMmRmNjg3MzQ5YzI1MGVkYTg5ZWZlNjM4MDqAAn1xAShVBXRva2VucQJV\nb0FBQUc3MUV2ck9aQ1VCQU44Y1FSUThFZ01VTDFBNkUxcnJPUGM5eWNqVVUxOUVQVVlFNDh3UnJ6\nTXBaQ3VaQ2pJWUxhZGFWUWhHVEhnV3g5Um5HNlZDZHV2MVQyeEVZa2dkenp6YkpaQU5BWkRaRFUF\nZmJfaWRxA4oEzkWWJHUu\n','2012-09-19 22:03:39'),('1ddfa4e2d1ebc43a97249ba6f6cb93c0','YmU5NzRiYjcwNDA2NjUzM2JiOTdmMjdmNGI3NWQ3MTI5MTg4ZjlkZjqAAn1xAShVBXRva2VucQJV\nb0FBQUc3MUV2ck9aQ1VCQUhjM1pCdURsRmQ2TzU3U3VvS2RXRkhia0pObHQxWkNIYkJOYmlrYXJa\nQlVjYUpEak43MXVHM0w2OGdwMzJIOHA2YWxJZndoU1M2Z3NmTU1BdTR5UVhzaEl0VEV3WkRaRFUF\nZmJfaWRxA4oGiFy9G/NadS4=\n','2012-09-17 01:26:35'),('2022e83bf9a871a055165e9e0cea5388','MmY1N2I1ZTBmODRmMzZiYmJjOGY5NDZiMDgyYWE5NGFkZjBiMzA4ZDqAAn1xAShVBXRva2VucQJV\nc0FBQUc3MUV2ck9aQ1VCQUZVbFJ2S0sxSDRUd1pDTlpCSU10dVZ6YXZaQ29GaUhCNTNXd1NDNzVV\nejRaQ1R1TWNCcDR1U3BDdm5sU3BJUEEwbFdDbENENXZaQUdTZnJXOUFMWkJxUERPMGJaQkJWUVpE\nWkRVBWZiX2lkcQOKBmkbhGrzWnUu\n','2012-09-17 18:09:00'),('219ea5851d71bb8021f49b52460e656c','MWZhZDE3ZWQ2YmM3Y2Y2ZDhjZjc3ZmJkNThhOGMxZDE1MWQ0ZjMzNTqAAn1xAShVBXRva2VucQJV\nckFBQUc3MUV2ck9aQ1VCQUppMlRaQmptM1FaQm9XSGR3TXh1TnpaQU14UkMwZHFwT0pkaHFuWkFX\nT05IdG5FYmJra0J2OUVOZDhPUThQMmlTZ3AwQlBnWkNueXBxMWdYbjdPSjU0VVdmODdtWkNRWkRa\nRFUFZmJfaWRxA4oEUhxjPXUu\n','2012-09-17 13:38:44'),('22a05f499e67cdadabec91f84fc380cf','NDAxMjljOTdiMjkwYWE4NzU3M2FjZmUzMzgwMGQyMGU0ZWIyNGMyYTqAAn1xAShVBXRva2VucQJV\nb0FBQUc3MUV2ck9aQ1VCQUpWUHBZd09GeFpDeHNxQnBCVHlHR3JYTjF3aEcwR1czUDlBUXJxQ2J3\nTjV1Z1pDQnMwVXB0ZzJHdkZIS1RhbXg3QWY0M0VodE9sRUpNZExHSFpDb3RKbU1kMkN3WkRaRFUF\nZmJfaWRxA4oEecS0a3Uu\n','2012-09-16 18:39:36'),('2481ad9eb1d6c1877855471970763379','MDEyM2EyMTE0YjdlM2JkYjBhZjkzOTAwYjFhMTZmMjE3NDQ4OTgxZjqAAn1xAShVBXRva2VucQJV\ncUFBQUc3MUV2ck9aQ1VCQUFOMTNKVUZranlvQTlLakc0cHhRU0lxTkplMldyYVJVWkNDaGRVaFpD\nQk96WkJkWXh5QmlsbVhIRXNnZVRZS2V4VVlYWkNCd2FtS20ySUpMUjlhWkFuTzFrWGh6VVFaRFpE\nVQVmYl9pZHEDigSIPI1cdS4=\n','2012-09-16 23:20:05'),('265b038481344e2ef2fb7eb32800586b','NWYzNGU5MWY3ZjVhMzI0ZDlkYTQ2ZDc5ZjJlNWUxZGYxNzU0ZDg4MzqAAn1xAShVBXRva2VucQJV\nc0FBQUc3MUV2ck9aQ1VCQUxsemVRcGVmMndvT2paQVJlT2g0RGdqNFpCWkNuQW5aQ24wUG4xN1My\nS1BwdFFlOEhNWXkzWkFyVVB4Qll0a0VlSWxwdXQ1N01yR2dJRFpDVnRYRE9jWkFGZ2JTWTRlUVpE\nWkRVBWZiX2lkcQOKBotWpD/zWnUu\n','2012-09-18 02:10:45'),('27884f67f6e59532f7423aaadaed3969','MWYwY2ViMmUyMWQ1Mjg3ZWQ5N2ZkZWFhMzAzNDVjM2JhNDgwZDkxODqAAn1xAShVBXRva2VuVXBB\nQUFHNzFFdnJPWkNVQkFOb2h5T0V1T3E2SU1qSzN3UWg2RVRlekRpU0EyRlBZRDBoVm1UeFpDSUxB\nR2xWVnU3QjlpUW1ja3haQk84Zk1aQ21XbUdWdW02UURxazVXM2tYWFlwak5Xd1pBdndaRFpEVQVm\nYl9pZIoGvj3Lx/NadS4=\n','2012-09-16 19:15:28'),('27dc1473357a390630ff6db19dbc0e30','ZDhlMmEzNzk5MDZiYzQ3NzA4NTQ5MWU1NTgxNmViMWZmMGUyZjYyYjqAAn1xAShVBXRva2VucQJV\ncEFBQUc3MUV2ck9aQ1VCQUtYd2ZiYUhhY2pTT2x2SkhaQkduTDY2dWpibG1PUmlJVE9zVUJMcDJB\nekUwUUFhc1FsQVUyWkNrdnoxQmtYMWFHTVFpTDRwWTNaQ0pBRTM4V3ZpNVpDOEZhS1dUZ1pEWkRV\nBWZiX2lkcQOKBiYTjkfzWnUu\n','2012-09-20 11:13:16'),('282c27dbc4e10eaf37546ce7a9a051e4','MzRlNTg0OWI2MTZmMjc2Yjc0MmY0Yzc4NWEwNThmMzFiNzFkNWYwMDqAAn1xAShVBXRva2VucQJV\nbkFBQUc3MUV2ck9aQ1VCQU1DRWdZY0dydnVBazNFQkNHMjhLQUVCdEwwVFBIMnhON2lGZ01XY0xl\nWkNrTm5RSlJPRjhmZ2t2TVdFcjRYMGVYdVhmWkN6cWlVVDFwUE5obUFIblJTZ1lEOWdaRFpEVQVm\nYl9pZHEDigYE2ygv81p1Lg==\n','2012-09-22 18:56:37'),('287e0e430bdbcc86127db76e6256492d','MzZhNWJmMjZmYjNkYjc0OGE1OTU5YzIxNWQ4N2E0MjY3MjMxNWUwMjqAAn1xAShVBXRva2VucQJV\nbEFBQUc3MUV2ck9aQ1VCQU1jZlhRaE10eHpXNjViRVhJdFFnZ3ZKVTNZaVd3R05QYU1zbFV2aDVu\nUkp4RXBsWXBJbTZRM0xqRDZMeENzaWN6bVNOTVFxc29wWXN5Qm5KeU5oa1dnbEVBWkRaRFUFZmJf\naWRxA4oGEmNdUfNadS4=\n','2012-09-20 16:47:48'),('29280c425c8e8d8d76bfa8a05db2641e','M2QxYjgzOTc5MzEyNWYyZmNlMzZlNDg2MWRhNTVmNDhlMGU0YmNhMjqAAn1xAShVBXRva2VucQJV\nb0FBQUc3MUV2ck9aQ1VCQUdVTHZkWUJSRmdMY2FZeER0ZlVDTWFEWkF4aHlkTW1qcnM4OUJXOXJW\nNjVXNXpaQ3NuM2tRazdmVGl1aDQ5Mk92NFFjQXNYbTJqRnR1RUFXY0ZMM2lkRFFKWkNRWkRaRFUF\nZmJfaWRxA4oGNYUvMPNadS4=\n','2012-09-16 06:05:11'),('2aa83141a719d07fb7c00b55215bf0e6','MThlMDJmNTI5MGRmOGM1YmM4MWFkYTVjMDA5NDllMDEwOGY5ZDg0NzqAAn1xAShVBXRva2VucQJV\nc0FBQUc3MUV2ck9aQ1VCQU5aQlVDZVpCaFAzRkpRdXBQWkNtWEphM0ZvTEdYdGFBMWlYdlpBMTJZ\nN2xFejZPdlpDQWJKeFNZaUpaQ05DdjJxMXo0QURJRFZ2bHdxd3lCRWF4SU1GVG9kY2RaQ0J3QVpE\nWkRVBWZiX2lkcQOKBA1kgit1Lg==\n','2012-09-20 17:24:19'),('2afbb4bca2ebc28b529720f0185957fc','OTdmOGRiODJiOGMyMzZkMjNlMTdlYzdhZWNiMzlmNDgyMTEwMGNmODqAAn1xAShVBXRva2VucQJV\ncUFBQUc3MUV2ck9aQ1VCQU1DZTNsN3EwVTFqOUFvaEhvUWk5T3docmh6M3NFUkNBNkNrVUNHMlpB\na2dBemtMcXljWE5VVElUeThaQ09qYjhOOFpBVlhaQ3ZLdVpCZ1RiSzRtd0JNQ1RZUWk3UVFaRFpE\nVQVmYl9pZHEDigQV9DdWdS4=\n','2012-09-15 23:19:17'),('2afe22978810c0b2aeaa122e53d7be32','MDdjMmNhZDM5ZGFmNjRkZGY2YmQ0YWJkYTJlYmYzYTYzNTM5OGJhODqAAn1xAShVBXRva2VucQJV\nbkFBQUc3MUV2ck9aQ1VCQUw4V05lb1k2UnVhdmEyNEpGWkJLazh5dWl3WHpOd3JKTUJpS3VTbWdV\ncEdBaVhtRmhNY3M1dTdZcVFaQ0owMHVGMWdsNVk0UVlCMHhUVmhtZmRLOXpuRGNIVmdaRFpEVQVm\nYl9pZHEDigYYashz81p1Lg==\n','2012-09-21 14:34:05'),('2e04d4914ac10dc406f7f2dc183a8407','OTA1MTFlMzFmZWU0ZGFlN2Y5ZDA0ZGZlYTczNGFjMDEyMjQ0ZTRhYTqAAn1xAShVBXRva2VucQJV\nckFBQUc3MUV2ck9aQ1VCQUZUdjRRRUlVTnU3OEZ1Rmd1RHZYOFh0M0ZaQWVRWkN3NkxHQjNCQWVW\naUZ0Q1pDclZaQnNjQnozOE4zR0FQaWd5TFpDVUh6UGtSYkQzQlpDNnpxb0kydkFHYW0zY0tBWkRa\nRFUFZmJfaWRxA4oEc+hrWHUu\n','2012-10-02 15:44:11'),('2e0df5a910156be2659108d390bdd8c8','OWVjMDJkNmNjMTI1MDhkZmY5NzUzNjhkN2JhODE5NDcwZTFjODM4MDqAAn1xAShVBXRva2VucQJV\nb0FBQUc3MUV2ck9aQ1VCQU9Kc2huT3JOcVpDb09MTWdLekp2elRYRE5Gc0xCcWI4MjBvVEZoV0ZS\nUk0xYXpFbERucFU5RVpCdU0weDA0Qmt4bmpVbXdZaHpTZTJTdXh4MlpBQkxtSzlHSHJnWkRaRFUF\nZmJfaWRxA4oGageZg/NadS4=\n','2012-09-17 20:16:23'),('2ebae1758b77b2d450f72e731b5f3a4c','Y2ExODIzYjMwYjVkZTBiMWY4NWEzNGNmZGZjZGNlZjU2NWZlMTM4OTqAAn1xAShVBXRva2VucQJV\nb0FBQUc3MUV2ck9aQ1VCQUdzdGNxbmllWkNBd1R5allMaUpybVZldm5IMkZHS1dKN29xbDdRMDlM\ndTB2RGdXeXIyNmM5RlAxU3ZVelpBZWZwQXZBUHN3bUc3MUI4ZEtja3NaQmFBak9tZXZBWkRaRFUF\nZmJfaWRxA4oGQcvZIvNadS4=\n','2012-09-16 23:30:42'),('32093733a1b02d8149f46f479c259d90','YWFmOThmZGQyYjFmOTdjY2Y1OGNiMGYwODEzOTQ5NjI4MmVlN2U4ZTqAAn1xAShVBXRva2VucQJV\nbkFBQUc3MUV2ck9aQ1VCQUdBWTNUUm5PZWtscmoxdUtVRXB4ZThYQzJkazJCZmpyWkFqYzlrQlNI\nMUt1UmNyelRHQTFSdnpibWpKbENzSnhZd2ZRVXp6UVZ0SUhXZVhtbmZaQXhqRFY1WUFaRFpEVQVm\nYl9pZHEDigRwBmJldS4=\n','2012-09-16 00:45:40'),('34a0bd732119227829e3a00ab4e932fd','NjJlM2Q5Y2RkY2U5MGY5NmYzNDJmNWJiMjgxOTI2ZTdhOTFhNDEwZDqAAn1xAShVBXRva2VucQJV\ncEFBQUc3MUV2ck9aQ1VCQUpiWGhTVWMzMGthVmdxMFVwelpDNG5VS2hUY3A5NVpCVTh5SE9WZ0Rx\nenhaQ1hENTAzbWpKZDVRc0J2eWdhT0VrWkNFMkZDODBHVnZtUDA5dkNCQk1NSWM5WHROZ1pEWkRV\nBWZiX2lkcQOKBpc1fW/zWnUu\n','2012-09-19 23:25:21'),('38b4677205223f464155584c4678b0d2','OWMyNWMxODUyOTg4Zjk4ZWE1MDA5YTJjNDY1ZWIxMWY4MmQyZjk1NjqAAn1xAShVBXRva2VucQJV\nb0FBQUc3MUV2ck9aQ1VCQU5aQ2IxSU9CdDhERDJPSG1wd1dFQWhSWW9sdWw0WkFBU0FneXFpUlpC\nTXpRY2Npa2w2UlhIUTJwREozZWRGeXYyaFFDS21EWWpJMTloak8zNDZkZTVKRkJ6UDh3WkRaRFUF\nZmJfaWRxA4oEhbDEIHUu\n','2012-09-17 02:42:49'),('38f4cb4d2b528ce994cfb6d8a9d4b6de','M2I1OGRjZDhmZDFjOTVmN2RkYjc3ZGExOTliNmM5ZjdiMmNhOWMwYzqAAn1xAS4=\n','2012-09-20 16:22:03'),('3a5ea63610d3748e4f1c89aa0e8e9d0e','NzJhMWFiNTA0NzM1Y2Q0ZjAyM2Q1NjY3MDUyMjdhYzcwNDRhOWRhMDqAAn1xAShVBXRva2VucQJV\ndUFBQUc3MUV2ck9aQ1VCQUFuQjdaQTg2WUZOVEV1Tkt3cmo2WUplWkN2WHM5VG5vZVpCb2ZaQ3dx\neEtaQU44Z0poUHQ1S3k0WkMzTFhXRUtKaEdhWkNxamRJRXEwUHFzZk9lVFFHNTZNWkNFalpDV0hB\nWkRaRFUFZmJfaWRxA4oGVMQkUfNadS4=\n','2012-09-16 21:34:53'),('413d73b7b93490711cafdf661fa31b92','YWZjMTA1Njk0N2M4MDgxNDdiZDNlZjQ4YWY2MGJiNjY1OTFmMWY3MDqAAn1xAShVBXRva2VucQJV\ncEFBQUc3MUV2ck9aQ1VCQURXWkJJdVZsbTR4T0laQmxrQXlGN0UzV2VSZTNjd0ZHb29IS0VWbTNv\nTkxBd0xpTENuODBGdHRwbGUyRnZxbUU3STVCWkFFMzFVaTQxSWpKeFY0c1pCanlONThKQVpEWkRV\nBWZiX2lkcQOKBMQQvCR1Lg==\n','2012-09-17 15:06:04'),('41f8ac8c785a8d7c38cc2485cacb4ed4','ZWQyMzVkNjgzZDQ0NDkyMDRjNjdmYTc2OGQ0MmEwZGUwNjJjNDdiYzqAAn1xAShVBXRva2VucQJV\nckFBQUc3MUV2ck9aQ1VCQUtsRnB6N1RKUlpDQ1pCNmE5RkZmVEF2dVFzbUkxR2l2R0hkWW93TGVu\nNWdaQU1GNG84VXhaQjBOc3BOaERIOGE1NmZVdUIxMmlaQllaQU9WVDNhWW4zSjFSUUFWUFlBWkRa\nRFUFZmJfaWRxA4oGZoWVj/NadS4=\n','2012-09-17 23:26:20'),('4311bead5417b18af6696573345fbe15','ODVkYjA4YzNiMDVkODg1NDE2NTYzMzVmMTM5OGQxZmM4MzBjZjM3MDqAAn1xAShVBXRva2VucQJV\nckFBQUc3MUV2ck9aQ1VCQUhlSThwYVRaQ3A0cElFZzU2dDBuYWtZVERKWkJQcmdFenFsdVVaQkFa\nQjZBVElHMlgxdlBoMFJoaXNMQ1RRM2xmUFRPbzhaQUNOMktkVzBFTDBVQ1ZSMVBqRlpBT0lnWkRa\nRFUFZmJfaWRxA4oE3Ud2UHUu\n','2012-09-17 13:59:56'),('431a75c6ef8808aabd7cc61be0f4369a','MjNmMjU3YmU2MjczZDczZTI1ZjFkMTRjNTYyZjc4MzNhZTVkZTViNzqAAn1xAShVBXRva2VucQJV\nckFBQUc3MUV2ck9aQ1VCQUczbTNJVm5INHNrSzB2NFpCaWZUT2JKRHBkQVc2bEF4WkMyS0RkTFpB\nT0psUEZXWFpDTHRWNHFXb0hxa2E0TFhvRmFta2Y4b0VSemtKYjdaQk9aQjVzT2xQalhVZ2JRWkRa\nRFUFZmJfaWRxA4oECvrYLXUu\n','2012-09-17 00:44:52'),('49259bd36d1e9640b17afa84e20958f6','NGI0NDA1YjRmN2E4N2M1YTRiZjZiZTYxM2JiOWI1YWIyOGZlYzc4ZjqAAn1xAShVBXRva2VucQJV\nbUFBQUc3MUV2ck9aQ1VCQUEwNm1ONFlSbGRlVUU3R3B0N0puY0hydzNWaTU4andING9SZ1Q4MEtk\nRlNNVEk4UmlCb1pCclBYa2lvWDVIeDFYTVFTSmV6SXlUVllXb3J4UGVES1hCUEtCd1pEWkRVBWZi\nX2lkcQOKBObZWEZ1Lg==\n','2012-09-16 20:10:31'),('49902ae4fce37cc0e61a132a58d12c00','MmM3OWQzNzU1ZWIzN2M4ZTg5ZTRjODMzMTAzNjBmMmI0NjlhYTZmODqAAn1xAShVBXRva2VucQJV\nbUFBQUc3MUV2ck9aQ1VCQU9ERXd0cUhUNDBxdUtlZzNCRldoTllaQUpmZmRZakk4YU1YNVYxaWZP\nN0phQmpyYkxtTTRtb1ZiZDgwbHFVYnJ2bnRZeGxzeEthMXJpRmhXRENoQndSQ1NyQVpEWkRVBWZi\nX2lkcQOKBI5YIEV1Lg==\n','2012-09-16 01:50:23'),('49a5dbade4593f380c13838fe3626f52','ZjkyZmNmYzhiMjAwNTI4NGNmMzM1MjkwOGU5ZDE1ZGE1OTM0OTkyNzqAAn1xAShVBXRva2VucQJV\nb0FBQUc3MUV2ck9aQ1VCQU96YjhLUlQ4djBFTmtBalBTSGRGUkdpZjY0NUl2WDlxQ0d6N1NNc3Rm\nTktsZzFaQnRzTm9oYlE2dlluMTZNRVVWNFRwRm1kVUdHTElGY0NHZ1pCVVpCUjY3TDhBWkRaRFUF\nZmJfaWRxA4oESQuVRnUu\n','2012-09-17 18:55:54'),('4ae4b643bdf596ac615d54942bac0db3','Y2M4ZDRmZjExZDZiM2QzNGJkNDNkZDFlZDNiM2U3Njc2ZjIyYjdmNjqAAn1xAShVBXRva2VucQJV\ncUFBQUc3MUV2ck9aQ1VCQUY3SXVaQ3ZZNnBpUHVtRVhrd2Y4YlVsZXZuNGU0cHM0cUtMczlPZE5Y\nVlVxVGtaQlBaQ1RNZDZOcVZGeVNyS2tQVlNwRDh2NFhHTExaQkRaQXF2em9BemtwTE85dlFaRFpE\nVQVmYl9pZHEDigbQmmlw81p1Lg==\n','2012-09-19 13:38:26'),('4de3c77f2a8623b80ec97e3f37980e0b','YTY4YmM4NDNmMWNmMjMyMWVkOWM0NzllNjc4MzE2MTkyMWJmNTIyZjqAAn1xAShVBXRva2VucQJV\ndUFBQUc3MUV2ck9aQ1VCQU5ZWkF1WVZJWkFmcEJjUVFkSXBlcll0WkM5ZkJCWHZpOEN0S051N3V6\nWkF0T2FjWUFyZjU5MFdUb0VaQlpCM2RwVGMydlpCQ2FobFpBSE9ROTRjNUhlWXBnTFpDQWlMd0hn\nWkRaRFUFZmJfaWRxA4oESMs4YHUu\n','2012-09-20 02:17:02'),('5473d37854241014e312e235c5ea62ef','MWZhZDE3ZWQ2YmM3Y2Y2ZDhjZjc3ZmJkNThhOGMxZDE1MWQ0ZjMzNTqAAn1xAShVBXRva2VucQJV\nckFBQUc3MUV2ck9aQ1VCQUppMlRaQmptM1FaQm9XSGR3TXh1TnpaQU14UkMwZHFwT0pkaHFuWkFX\nT05IdG5FYmJra0J2OUVOZDhPUThQMmlTZ3AwQlBnWkNueXBxMWdYbjdPSjU0VVdmODdtWkNRWkRa\nRFUFZmJfaWRxA4oEUhxjPXUu\n','2012-09-16 20:17:51'),('54ea83258cc3f3987a54ce080ccdb59c','MDYyYzQxOGFlY2Y5ZTM4ODcwNjNmNDZhZWRlOTVkNTRiZGUyYjlhMDqAAn1xAShVBXRva2VucQJV\nckFBQUc3MUV2ck9aQ1VCQUJTbjBzYTBKU2hxM2JVU3NjOElCSFpDdnJwR3NFU1hURFpCaEI0RW9K\nQU5iQ2ZnSzJQbURLRzNaQnpqM3dQeGQ0WU9KNHFpcFFNSVFaQmJhdEJWMkdaQk1lcFpBcEd3WkRa\nRFUFZmJfaWRxA4oG3Fz/i/NadS4=\n','2012-09-17 01:46:24'),('54eed9d5d315d94f3a8cc70b8e82120b','MWZhZDE3ZWQ2YmM3Y2Y2ZDhjZjc3ZmJkNThhOGMxZDE1MWQ0ZjMzNTqAAn1xAShVBXRva2VucQJV\nckFBQUc3MUV2ck9aQ1VCQUppMlRaQmptM1FaQm9XSGR3TXh1TnpaQU14UkMwZHFwT0pkaHFuWkFX\nT05IdG5FYmJra0J2OUVOZDhPUThQMmlTZ3AwQlBnWkNueXBxMWdYbjdPSjU0VVdmODdtWkNRWkRa\nRFUFZmJfaWRxA4oEUhxjPXUu\n','2012-09-20 13:18:24'),('550238ec3138dc3506d7063ea2630e0d','N2Y0ZjFlN2JmMWFjZDI4YjcyNDExMTRkYzJhNzBiZDllNWY5NDhmMzqAAn1xAShVBXRva2VucQJV\ncEFBQUc3MUV2ck9aQ1VCQU9TSElqYVlHTWlLZnJUeHRBdzE3a0Y5RXg2RlVzNmJRZFk1UVZaQTJz\namtudUxQbWJSbU1QcWExQ2p4UmJaQUxyMjhXQWM4Y1ZXTWxSWkJseGRTeFVKZzEwWkF1QVpEWkRV\nBWZiX2lkcQOKBHgHJ1N1Lg==\n','2012-09-17 20:24:13'),('567945c88410ca42067b62761deda042','M2I1OGRjZDhmZDFjOTVmN2RkYjc3ZGExOTliNmM5ZjdiMmNhOWMwYzqAAn1xAS4=\n','2012-09-17 13:11:29'),('5742a9e646603524935c0b7375191a87','NzJjNThkMmI2YzFiYmE4Njg1MmFlNTljMDk4NGYxZmI0YWU5YzE1NDqAAn1xAShVBXRva2VucQJV\nbkFBQUc3MUV2ck9aQ1VCQUhtZ1RYbnY2d0NkampteGRNRmtNdzFlb3pRcDlleTVDWVQ3NjNGc3VV\nekpOTlQ1VERwSWJGWHRjcnpPOXZNbzhzRDBhZVg3SkI0Y1JlcXo0MkwyWkIxRGxaQVFaRFpEVQVm\nYl9pZHEDigY/R6en81p1Lg==\n','2012-09-24 13:02:14'),('57aaf2d40375413feb0fc9f12c71778e','MmVlNmE2Y2E5NjdkNTE2Yjc5NmMyZWM5NjBhYTVmM2U2YjU0MWZiODqAAn1xAShVBXRva2VucQJV\nckFBQUc3MUV2ck9aQ1VCQU1LM2dIUGNhbFpCT2p5WkNhYm9IZkFYbU92dHlXWkFaQm9hc1hEVk1p\na0pQRFVPN3JOZFpDUHg2a2Y2Tk5aQk5YNXpnd1VUYXl4ZzBmeGRvcUhlVXZXWTUwQ2VnWVJRWkRa\nRFUFZmJfaWRxA4oEQVr0UHUu\n','2012-09-16 07:43:25'),('57f0672691a67cc864b5f34d667de746','M2I1OGRjZDhmZDFjOTVmN2RkYjc3ZGExOTliNmM5ZjdiMmNhOWMwYzqAAn1xAS4=\n','2012-09-16 15:52:48'),('587221e076935fa8d8ccb6b5989abdc1','OWNlNTRjY2QyMjE2MWExYjkwNzdlMjhlMDM4OWQ0NWFjYzIyOTVlNzqAAn1xAShVBXRva2VucQJV\ncEFBQUc3MUV2ck9aQ1VCQUx5TWF5S0Z5Q0xVQjNyajdFZFRhaEYwZGFDc0tBMXFYYlpBRnI1RTEz\nTGRocTlGVmY0eGZucFNaQVV1WkM2dHRQR2JNRUx1RXFMdjRjOUFSY3g5NVpBTFlPZFBuUVpEWkRV\nBWZiX2lkcQOKBsApvyfzWnUu\n','2012-09-17 15:59:33'),('5a40fe30950ac6340601bb4b10ec0b63','OTc4ZDcxNDcxMjc4OWZhNjA4YThjZTY3ZGYyYWNlNWIwYzVkNDcyNDqAAn1xAShVBXRva2VuVXBB\nQUFHNzFFdnJPWkNVQkFIaUlHN1hKOFpDQUFIWDZaQTE1MEdIaUJxYTZSMkJOa0pzS1VYU1hFdWxa\nQU5LenNFa0Z3cVNNRmxaQmQzc2ZFc2VrNHpRNmJQSzd1ZWxCTkp3NFRRQTQzdk1sZndaRFpEVQVm\nYl9pZIoE0eg+RHUu\n','2012-09-15 21:39:53'),('5ae9a239553a551a67991fa5cadb5156','MDMwZDBkZjY0N2E4MGU4ODUzN2IwZjJlMDNlODgyN2JjYjRhM2E0YzqAAn1xAShVBXRva2VucQJV\nbkFBQUc3MUV2ck9aQ1VCQUx2SjhCRkJoeHh6c2twdHlkdjlvWkF0UkJBQVhFNlN5M2NlblJGeEtJ\nbGVhMEZqNHVKNkx5U1J4dGdqQjlndHlJQjg3Rk9qdkNOV0thbEZuWVQ1WkFKcUFlckFaRFpEVQVm\nYl9pZHEDigaX8UJb81p1Lg==\n','2012-09-15 21:03:12'),('5baeee795143f239d59bad9a4a3199e8','NWYzNGU5MWY3ZjVhMzI0ZDlkYTQ2ZDc5ZjJlNWUxZGYxNzU0ZDg4MzqAAn1xAShVBXRva2VucQJV\nc0FBQUc3MUV2ck9aQ1VCQUxsemVRcGVmMndvT2paQVJlT2g0RGdqNFpCWkNuQW5aQ24wUG4xN1My\nS1BwdFFlOEhNWXkzWkFyVVB4Qll0a0VlSWxwdXQ1N01yR2dJRFpDVnRYRE9jWkFGZ2JTWTRlUVpE\nWkRVBWZiX2lkcQOKBotWpD/zWnUu\n','2012-09-18 02:10:47'),('5df2955cbf50997ae521fa88feaeb921','ZGViMGYwNWY2ZjljM2ZkMDlhNTJjY2U4OTNhYzNlOWFkYmRmOWM5OTqAAn1xAShVBXRva2VucQJV\nbEFBQUc3MUV2ck9aQ1VCQURiTzRmcmJ6OEJxa3A0cTRkc1Joa0NWVXlvd29rSDlVSXVXeDhUUnpP\nM1Q1VWxEOGhVOXlkNjJlQ1V1Y09NbUpRd1lQOHVoNnlCekEwZUZpSkpkMEJoNnZRWkRaRFUFZmJf\naWRxA4oGJn9fX/NadS4=\n','2012-09-20 17:08:19'),('6018a61d18605f70770a1b8729bf3be6','M2I1OGRjZDhmZDFjOTVmN2RkYjc3ZGExOTliNmM5ZjdiMmNhOWMwYzqAAn1xAS4=\n','2012-09-17 00:42:44'),('63c4dd296643b1ccc3743c02f1c06514','NzY3ZWM2NDc5YWQ2ZjBhY2EzZmViYzlkZjNiZGRkMmIxZDM3OWMzZDqAAn1xAShVBXRva2VucQJV\nckFBQUc3MUV2ck9aQ1VCQUkwRjlBWkFvVGdSSkpIVXVGV3paQmZRSXJnWG1YZ09kTDdaQ0hCVlJB\nZjMzUUdaQ0R1eUFNY3B5SHh2RnMzVkdrTFpCVE9WRnBaQndPUTdjRlV0TEdpREw1eUtrUDJ3WkRa\nRFUFZmJfaWRxA4oGK+r5afNadS4=\n','2012-09-16 20:00:22'),('6427feeb2995a1a46fb561faf6870c67','NTVhZWEzMmQxNDJlNDM0OWM5NWQ2YTdhZTRhZWQyMjM1YzQ5ZjUzMDqAAn1xAShVBXRva2VucQJV\nb0FBQUc3MUV2ck9aQ1VCQUdYNDZmM0dQQ0VJWGUyVGZYa3FTQldaQlVyU3RWTjlqUUNSOHVHSjZC\nNm1qZDBiWkN2ZlRLa1NCQUtRb1pDekNqR2R6UEh6d3NMWFBRM0p3Z3VNWU9OcUtIYU1BWkRaRFUF\nZmJfaWRxA4oEPJcZLnUu\n','2012-09-19 22:15:05'),('64b9aa126caba69120e6594b31cc96b1','M2UyZGIyYTQ4NzNkMWJkYTQ2ZDE4MTZjYjA5ZWY3OWYyYzg4MTE1NDqAAn1xAShVBXRva2VucQJV\ncUFBQUc3MUV2ck9aQ1VCQUlQNlNqVktjamNEWkJ6ZEZRTE1PaEdaQWttSmtWS2Z0TDZVdTFPQUw5\nRFpDRDR0VmtlejRsOHpDeVZPYnFqZEphZFpCVzc1WkEyMDY3MFdyTzA1UERybmRRTko0T2daRFpE\nVQVmYl9pZHEDigQI6zYfdS4=\n','2012-09-17 01:04:39'),('667fe022cd5e6cf64f4e09e7fefb495c','ZGVmNWVkMTE0ZGIzOGYxMWVmMGJhOTI2YjMwZmRhYTk1OGE4N2IwZDqAAn1xAShVBXRva2VucQJV\ncUFBQUc3MUV2ck9aQ1VCQU9idXluakdzOXRITUlNNG5iTFpDUGdGZDFaQ0lodk8xVDg4UjRWUVpC\nRUg2TjlBMGh3YlkwZGJHUHRURFFhT1pDQzZMSzNPS2k4S2NydXM3aGdYQm5pdWVaQjFDQVFaRFpE\nVQVmYl9pZHEDigQ2qtxCdS4=\n','2012-09-17 02:01:20'),('6a9d137b84fd0661d7b2fee213cd800b','M2I1OGRjZDhmZDFjOTVmN2RkYjc3ZGExOTliNmM5ZjdiMmNhOWMwYzqAAn1xAS4=\n','2012-09-19 23:03:04'),('6c838002a17871018969cbbdfb50757f','M2I1OGRjZDhmZDFjOTVmN2RkYjc3ZGExOTliNmM5ZjdiMmNhOWMwYzqAAn1xAS4=\n','2012-09-16 21:28:11'),('70e6474c81744946eb683037118f9979','ZDM4ZDE1YWNhOTYyYTc3ZTRhODIwNjJkYTBmNDY4NDM5ZTdiM2ZlNDqAAn1xAShVBXRva2VucQJV\ncEFBQUc3MUV2ck9aQ1VCQUFoWkNINE9TVlNBOE1UY1pCNmxsNTgxNjVKRUwxa2I5ODB2TFV1Uzda\nQnJKRlRBOGFrZnNkRHpiZTgybldqbTFNSDQ4NzRyRnlMSVpBMmtXMXBxT3ZFR3pFYThpd1pEWkRV\nBWZiX2lkcQOKBDkZTR51Lg==\n','2012-09-25 02:28:04'),('71a1e7b81990178bc5af3e51d3f73372','NGMzMzRmZmJhNjJkMDA1ZDg4NmJlOWVmZjczNzk2YmE3NDljMGE0NjqAAn1xAShVBXRva2VucQJV\nckFBQUc3MUV2ck9aQ1VCQUtXWkJQR0FGMXA4TGFONWxwWXRCWkFKeG1OTFMxdGNlT3M3MDZuRno3\ncFpBQUR1bmpZeTVXZTBSR2JPWkNPb0xrdVRtbENQMjJFN1hOQ2laQlpBUFI3QWhEYlRYbmdBWkRa\nRFUFZmJfaWRxA4oGi3ugO/NadS4=\n','2012-09-19 20:01:49'),('72e5f77d23b0387ecee71d1ad61f5197','YmQxMjIwMjVlNTg5NmYxNGFiODYzNGVkNmY1YzUxYmVhZTE1NDA5NTqAAn1xAShVBXRva2VucQJV\ndUFBQUc3MUV2ck9aQ1VCQVBEWkFXWkFCdXFhOGlpSlRaQTRMV2dVbEhaQ2Z2aHdFZk5sRGhob0VD\nYVpBUEFKWWIyclpDRWFYUVJ4bjRvUHpYcWFnWkNSZHBFT0pKTVB0RThzMkxnUG96Q3ptN1pDWkJR\nWkRaRFUFZmJfaWRxA4oEUjoZP3Uu\n','2012-09-19 23:03:20'),('731e0cb42d98c4057d8c929201a652b9','MTVjNzJlNThmOTM3MDZmYWNlMGUxMDM5NmEwOTUxMTUzMjNiYWIxMDqAAn1xAShVBXRva2VucQJV\ncUFBQUc3MUV2ck9aQ1VCQU43Z3g4UXJ2cUpDYUVrTkRtandNY1FsZFFWUWdPd1laQWdwWkFreDVa\nQ1hjSWRpemNMT1A4SXRQS2x4SExlWkNwQzhsME1QM0dIOVlBU1JnTnhaQTlDZzlSUGpWcGdaRFpE\nVQVmYl9pZHEDiga80uGl81p1Lg==\n','2012-09-18 22:51:39'),('735f077838c36e3edf7b564ba8c310cc','YzM2ZTQ0YzQ5ZDkxZDQwOTRkYjQxMWQyYzgyYzg2NjcyMjc1N2M5ODqAAn1xAShVBXRva2VucQJV\ncUFBQUc3MUV2ck9aQ1VCQUJaQWZzWG5EeDVxMlNuWkNkekNjdjAxWVpCWkEyeUhrYjh6UDdiWGlw\nVjRtOHE0OTFCNXVaQkl2T2FpbnBrakJWMGVGNkpBaWtJMUVFUHV1S25UdGdOOFZUcTV4V2daRFpE\nVQVmYl9pZHEDigRMTM9TdS4=\n','2012-09-16 07:16:03'),('7b59e0e4e61c04b63481d8fdab1efe89','YzgyNjk2NzcyMTEzN2U5ZTE1NWNiOGQ2ZDc2MjQzMTJjYTJmY2E5MDqAAn1xAShVBXRva2VucQJV\nckFBQUc3MUV2ck9aQ1VCQUtxUWdMWkJHZHlUcmZ0bzJuUWVTYUFWeDZ6cm85OGxzWkFOYWlVN3lJ\nWVV3aGpyWkFMSmhpaGV0QmFaQzkyNXFwZkNSVmt5NDF1WkF6UFpBVTdOcE9BNHRYOGJtR3pnWkRa\nRFUFZmJfaWRxA4oE8qLvHnUu\n','2012-09-20 15:16:48'),('7d3b9fdfa2d734e3055c87f318aa3deb','NjMwMjc5YThjNWE0NzdlOGY5M2FmN2ZlODY3MjhiNzI5NjE5N2NjMjqAAn1xAShVBXRva2VucQJV\nbkFBQUc3MUV2ck9aQ1VCQUU4cFRIT1RPS0JuT0c3S05RQ3FkWEtUZXJNYlhjUER1Y1ZMejdaQnZ2\nTmx0WE1VMzBhT2tHVUxTdlJXVkhVQm04MHY1bElxakRma2RSbjd6UTVaQ25ycHliVndaRFpEVQVm\nYl9pZHEDigbzNbg/81p1Lg==\n','2012-09-17 11:45:16'),('7fed3ad832b97ba7725b1053137e9297','M2I1OGRjZDhmZDFjOTVmN2RkYjc3ZGExOTliNmM5ZjdiMmNhOWMwYzqAAn1xAS4=\n','2012-09-16 23:12:00'),('80630d3cc42167830181edb546bc93fd','OTdmOGRiODJiOGMyMzZkMjNlMTdlYzdhZWNiMzlmNDgyMTEwMGNmODqAAn1xAShVBXRva2VucQJV\ncUFBQUc3MUV2ck9aQ1VCQU1DZTNsN3EwVTFqOUFvaEhvUWk5T3docmh6M3NFUkNBNkNrVUNHMlpB\na2dBemtMcXljWE5VVElUeThaQ09qYjhOOFpBVlhaQ3ZLdVpCZ1RiSzRtd0JNQ1RZUWk3UVFaRFpE\nVQVmYl9pZHEDigQV9DdWdS4=\n','2012-09-16 14:36:03'),('80c72472df4c2e42992248d97b5b84e7','ZDM4ZDE1YWNhOTYyYTc3ZTRhODIwNjJkYTBmNDY4NDM5ZTdiM2ZlNDqAAn1xAShVBXRva2VucQJV\ncEFBQUc3MUV2ck9aQ1VCQUFoWkNINE9TVlNBOE1UY1pCNmxsNTgxNjVKRUwxa2I5ODB2TFV1Uzda\nQnJKRlRBOGFrZnNkRHpiZTgybldqbTFNSDQ4NzRyRnlMSVpBMmtXMXBxT3ZFR3pFYThpd1pEWkRV\nBWZiX2lkcQOKBDkZTR51Lg==\n','2012-09-25 14:04:07'),('81fb7396bf498ed159d85e13fed94354','MjQ5Y2FjYmJkOWIyMWU0ZDNlY2RjNTJlZjg3NjQ3M2I0ODQ2NjBiMzqAAn1xAShVBXRva2VucQJV\nckFBQUc3MUV2ck9aQ1VCQUZCWUlnVnpRZ1NEWkE1ZDNWU0RKWkNSOW9lcnhPTFpBT2NrbHFhYTlz\nYkpxS3lUV3d1SHN2b1YycXNJWkF1WG1yNTNaQTVrZkdmMU80THZSdnVzdFE5aVFhWkJkaUpRWkRa\nRFUFZmJfaWRxA4oGnakpUvNadS4=\n','2012-09-19 18:23:54'),('8212d5e0448d06a18d101027425c0db4','OGZlZDViODVkNDlmMjVkNDYwMGI0YThiMThiNmVmMDFlYmUyZTIxZTqAAn1xAShVBXRva2VuVXJB\nQUFHNzFFdnJPWkNVQkFCS25hb1pBMnRPWkFVQVBrZFBDN0w2Vk16ZFRvTkpaQnNoUFlUMW5nZTRo\nQTdTbEVFRGY4cWh5eXM1c2VzMWxDa1ZaQ0ZmZFlqaHl4UGxaQjB3U3hEV1pDUTFRUEJBd1pEWkRV\nBWZiX2lkigQ3gtZOdS4=\n','2012-09-17 00:06:19'),('83dc40179e86575a5db113ec1938e4db','NGI0NDA1YjRmN2E4N2M1YTRiZjZiZTYxM2JiOWI1YWIyOGZlYzc4ZjqAAn1xAShVBXRva2VucQJV\nbUFBQUc3MUV2ck9aQ1VCQUEwNm1ONFlSbGRlVUU3R3B0N0puY0hydzNWaTU4andING9SZ1Q4MEtk\nRlNNVEk4UmlCb1pCclBYa2lvWDVIeDFYTVFTSmV6SXlUVllXb3J4UGVES1hCUEtCd1pEWkRVBWZi\nX2lkcQOKBObZWEZ1Lg==\n','2012-09-15 22:10:13'),('89466152879ce9b22091df4cb8ac4b38','ZWNlN2I0YmViNDk3YmJkMmU4OWM1MTFjODkwN2ZlYWZiMGQ0Y2RhMDqAAn1xAShVBXRva2VucQJV\ncEFBQUc3MUV2ck9aQ1VCQU1aQWo5SlpCREl5S3lnbXRrVGd4ZkVDd28zMTl2MHZuUUg2dVRqbXVP\nV1lmb2ZuWkJqQThVbmhTcnBQWVc0QnV1aDFRWWhrV1pDbnJJMjZzcUtjVk1NVDhncUdsd1pEWkRV\nBWZiX2lkcQOKBB+eFl11Lg==\n','2012-09-17 23:26:30'),('898ead732e6f9757600840e45514e13d','OWMwOWExNDkzYzEyNzFmZmY5Y2RmMjc1ZjU1YjhjMGY5Y2ZlMjM1MDqAAn1xAShVBXRva2VucQJV\nckFBQUc3MUV2ck9aQ1VCQUFKY2RuVnN5MDdaQmJPNFExamdGaE9tZE5HcmlmclVETGVhRERvc0h1\ncXlkdDhaQWxBN0JQWkE4SkU4WkF5b3BkS1Z4a2ltaVA5QUhNWkJYVXFaQm54aWFJa2ZFOHVnWkRa\nRFUFZmJfaWRxA4oEIWvyKXUu\n','2012-09-18 17:41:09'),('8a8eb2a015f69273fbc87911403adbfd','M2I1OGRjZDhmZDFjOTVmN2RkYjc3ZGExOTliNmM5ZjdiMmNhOWMwYzqAAn1xAS4=\n','2012-09-20 17:45:20'),('8b620ebac9d32b13cc0acde7d7654f9d','NGMzMzRmZmJhNjJkMDA1ZDg4NmJlOWVmZjczNzk2YmE3NDljMGE0NjqAAn1xAShVBXRva2VucQJV\nckFBQUc3MUV2ck9aQ1VCQUtXWkJQR0FGMXA4TGFONWxwWXRCWkFKeG1OTFMxdGNlT3M3MDZuRno3\ncFpBQUR1bmpZeTVXZTBSR2JPWkNPb0xrdVRtbENQMjJFN1hOQ2laQlpBUFI3QWhEYlRYbmdBWkRa\nRFUFZmJfaWRxA4oGi3ugO/NadS4=\n','2012-09-15 23:21:03'),('8c6384175f808d7ddd75ac7cd674daad','N2QyZjk4ODFiZjMyMzI5M2NmNjFhMGZkODM1YWY5MmNiODYxZGVjZjqAAn1xAShVBXRva2VucQJV\nb0FBQUc3MUV2ck9aQ1VCQVBIQWpZMHk3a25JM1hXM3k3VGhhRFQ3MFpDMjJaQzB4Y3l0cDRiOWk0\nRG5mcWlSdGh2VENpODRJeDlaQ3VYaUlqcFNoV0ludDFBUTE3akxrZENIclFmU0tYc3FBWkRaRFUF\nZmJfaWRxA4oESyVaK3Uu\n','2012-09-17 00:55:28'),('8cc6052524af476e72d555ff8de39c29','YjAyYTViNzgzNDFlMjM0YjI2MTUxNmE3ODRiNDJhODFmMjRjY2JmZTqAAn1xAShVBXRva2VucQJV\ncEFBQUc3MUV2ck9aQ1VCQVByME84R3JvRU5YODV5MFBNeTVYMEZKbFpDTEoybVMwZW5qeFFqU2lV\nWkFZa2RaQVJSQkgwcVF5d3hUV1Q3MEtCbW84bW5FYW5GU2RMcW1SWkFOV1dzWGZoMTJHUVpEWkRV\nBWZiX2lkcQOKBHZjVl51Lg==\n','2012-09-20 17:27:21'),('8cdb5245f06fb134510da4c3036a058b','ZjkyZmNmYzhiMjAwNTI4NGNmMzM1MjkwOGU5ZDE1ZGE1OTM0OTkyNzqAAn1xAShVBXRva2VucQJV\nb0FBQUc3MUV2ck9aQ1VCQU96YjhLUlQ4djBFTmtBalBTSGRGUkdpZjY0NUl2WDlxQ0d6N1NNc3Rm\nTktsZzFaQnRzTm9oYlE2dlluMTZNRVVWNFRwRm1kVUdHTElGY0NHZ1pCVVpCUjY3TDhBWkRaRFUF\nZmJfaWRxA4oESQuVRnUu\n','2012-09-17 12:09:50'),('8dcbc3f714c7e1540d1fd4023972a289','YTExYTc2MWM5MjhlM2M4MjAwMWU3OTI0ZTZiNWRjNTBkZTZkZjE3YjqAAn1xAShVBXRva2VucQJV\nb0FBQUc3MUV2ck9aQ1VCQUFLa3pVTGhNdUU0Y0VWNDY3bU9xUjNaQVYyTVN2cWNJSG9yOHFUT2Vx\nS1k2RGdsTTVQTXFVWXRVdG15a0EyU2ZoZXNYRWc1Szk1TWtoeTBQa1Q0Z1pCdlZaQ09RWkRaRFUF\nZmJfaWRxA4oEqUtcPXUu\n','2012-09-17 01:33:48'),('8e32320827e20c915fb022fd837bb11b','MmYwMWFjODJlMjY4NzUwZmRlNGVjOGY5NzIzYzQ3MWNiZjViMGIxMTqAAn1xAShVBXRva2VucQJV\ncEFBQUc3MUV2ck9aQ1VCQUhmaHNHN1VUUDFYc0xVUjJQM2tWN2d4QUZ2ZmNDbTFQM2h6a3lqaDJ4\nS2x1MzY5YzdqOVVmVWNFWkFRT1BEVFpDTHpLcHZaQUp5RWtyRzExWkJGVmJpckJEWXo5UVpEWkRV\nBWZiX2lkcQOKBrWJIF7zWnUu\n','2012-09-16 11:36:13'),('8f6082e0ceee6eb16d268edd6450462a','ZTk5MjgxMGI0N2IzNjA3OTRiOWE4ZmJhMWJkY2FiODViYWVmYzA3ZDqAAn1xAShVBXRva2VucQJV\ncUFBQUc3MUV2ck9aQ1VCQVBjdktTalVTYVpDUDY3eUphdjBtRmJZRFRrSUpvZGd1T2daQXJpNkNw\nWkIyNEREZzE2dkRSb1lQN21pRTZOWkFvTHFIaWxGR0Z6ODJDejZjY0VsTU9KS1RYWkIwd2daRFpE\nVQVmYl9pZHEDigRFfshndS4=\n','2012-09-29 00:43:37'),('8fd85770317643ed904524dd2e9a2ac2','YWRiYmFhYzMwMmM0ODQ2Yzg4NzBkNWUyZmRhZWJmZjk0NjhjOTcwYzqAAn1xAShVBXRva2VuVW9B\nQUFHNzFFdnJPWkNVQkFPemI4S1JUOHYwRU5rQWpQU0hkRlJHaWY2NDVJdlg5cUNHejdTTXN0Zk5L\nbGcxWkJ0c05vaGJRNnZZbjE2TUVVVjRUcEZtZFVHR0xJRmNDR2daQlVaQlI2N0w4QVpEWkRVBWZi\nX2lkigRJC5VGdS4=\n','2012-09-19 23:29:49'),('90874d257b3cd6f1c13081be2799304e','MmM5MTcyMzY5MWY1MmE2OTE4YzY5ODI3OTcyMGY3MTYxMWRhMTI2NzqAAn1xAShVBXRva2VucQJV\ncEFBQUc3MUV2ck9aQ1VCQU1yNWlSQUJXQlpCVTBmVEJ1Tmc1MkRaQUR6dVpDQ2dFcFNEQ1pBYkNS\nSEpKUENUdUUycjBlZmxwY210ZUIzQkNBa1V3UVljM2JwY0xrcUVqNnVZdE9UYkVsanJYd1pEWkRV\nBWZiX2lkcQOKBi+ydjbzWnUu\n','2012-09-19 21:33:13'),('96e7a6781ba340cf831ffe622ee07936','ZGZlZjA5ZmVhMGY5MGYyMmIwODk1OWE5MDAzZTZlY2VhOTc2MDIxYjqAAn1xAShVBXRva2VuVXBB\nQUFHNzFFdnJPWkNVQkFOSzFBWDNxWkJaQnJKZ20zWkNXRTgyMVM5Z0VydFJHVE52T0RldURZN1Nn\nYU4yMXdrbFZRU3pkUVR6OHRwWWo1RG5xTlpBdTA0TmZwV2NqMWZRRW1HZWNoWHV5RndaRFpEVQVm\nYl9pZIoEYNzQanUu\n','2012-09-16 12:53:06'),('9e6de54957ca2c9c6e83d636d3947670','M2I1OGRjZDhmZDFjOTVmN2RkYjc3ZGExOTliNmM5ZjdiMmNhOWMwYzqAAn1xAS4=\n','2012-09-17 23:45:00'),('a11cab7f27bf5724db827fba13659f3c','ODIwN2U4MzRhODcwOTY5NzUyMjI2ZjkwMjgzZGJkOTA4ZWNiMWUzMDqAAn1xAShVBXRva2VucQJV\nckFBQUc3MUV2ck9aQ1VCQUhaQk9XU0dUcXhpMnZmalA2SWN6dmM1UEp5M1JhTkY1Rnh4WkFMcmwx\nc3FFcXM0VVFVS1RSMzdoQmJqQ3dLTm1vWkJWZktNSWR3QU5uSjZNUFVSS0NtZDdaQ1pDWkNnWkRa\nRFUFZmJfaWRxA4oGHRE0KfNadS4=\n','2012-09-16 18:01:11'),('a424cf2a391693f8bbf40e78b12883e9','N2JkMGIxMTBiMjFlNDgyMzYwMzIwYjE5ZGVmY2YxNjE4ODBkMDRiYjqAAn1xAShVBXRva2VucQJV\ncUFBQUc3MUV2ck9aQ1VCQUR4bzVaQmRVMEs4bEhUbHhEZFVTWVBaQ1FFQTJSbllaQ1pBV2RJcERr\nM2FJOEtDVGhLSXNxeTNzZzJEcHl5cldHaXE4VElaQXZ6UDk3eFBFcWJnbml2QTh0R09MblFaRFpE\nVQVmYl9pZHEDigbr5Eih81p1Lg==\n','2012-09-22 00:54:33'),('a61a7e0c13284de5f3c7189572207ddc','NGI0NDA1YjRmN2E4N2M1YTRiZjZiZTYxM2JiOWI1YWIyOGZlYzc4ZjqAAn1xAShVBXRva2VucQJV\nbUFBQUc3MUV2ck9aQ1VCQUEwNm1ONFlSbGRlVUU3R3B0N0puY0hydzNWaTU4andING9SZ1Q4MEtk\nRlNNVEk4UmlCb1pCclBYa2lvWDVIeDFYTVFTSmV6SXlUVllXb3J4UGVES1hCUEtCd1pEWkRVBWZi\nX2lkcQOKBObZWEZ1Lg==\n','2012-09-18 15:43:55'),('ac75ad41b0df430b62d0872822595144','MmM5MTcyMzY5MWY1MmE2OTE4YzY5ODI3OTcyMGY3MTYxMWRhMTI2NzqAAn1xAShVBXRva2VucQJV\ncEFBQUc3MUV2ck9aQ1VCQU1yNWlSQUJXQlpCVTBmVEJ1Tmc1MkRaQUR6dVpDQ2dFcFNEQ1pBYkNS\nSEpKUENUdUUycjBlZmxwY210ZUIzQkNBa1V3UVljM2JwY0xrcUVqNnVZdE9UYkVsanJYd1pEWkRV\nBWZiX2lkcQOKBi+ydjbzWnUu\n','2012-09-16 18:03:46'),('afbc654dcf8afe682c2e21982f345b13','YmEzYjgyNGQ0YjBlZDg4OWRkZTZjNjlkZTBmMWY4YjY5ZjAxZjhlODqAAn1xAShVBXRva2VuVXJB\nQUFHNzFFdnJPWkNVQkFKRUs5S1ZWbVZqc2wzMDVaQUVwZ1F3a2s4dWNTMjlRWkF3NHRUalpDVVpC\nbjZoVm5zMjJKNVpCenpiNDl6UGg1Z0VZWFc0d1Izd2laQzhBaE5jdHRwMURldmtUWFNyd1pEWkRV\nBWZiX2lkigSte59ddS4=\n','2012-09-17 15:59:12'),('b15084eccd15c50642af114bfe0c6c78','OTkxYmQ0ODllNzE5NWQ3YWM4ODU1OTU2OTQyN2QwOWZiNmE0ZDU2ZDqAAn1xAShVBXRva2VucQJV\nb0FBQUc3MUV2ck9aQ1VCQUlXV203aUUxc3lIY0ZYRFA5SUN6cEEwdUYwdXk3anlEMTdaQWJ3ZnhB\na2ZJbVcwVWxJWkFFVjZiQXo2dTFnQVpCZmNiNWhyYWF5OFVVOWtSR1dPM095RVU1TVRRWkRaRFUF\nZmJfaWRxA4oEAHlbKnUu\n','2012-09-17 19:13:50'),('b4dd0195139ef6a0d2e25a67edf49910','YzllYjVmMWNkMDFkYmRhZTM3YzFjZWZlNDg5YjRlYzYzNTNjMmQ3NjqAAn1xAShVBXRva2VucQJV\nb0FBQUc3MUV2ck9aQ1VCQU9hMFdxeWVTRm1OWWd2UUxJWHZiNTlCUTQ5Sm1UdW9SUk5hb1N4cEJY\nd0NPTW1UTm5kbzl1YlpBMUJONHhPeDlMRlNYazNGV3g0a2hLUVpCMlpCVERYdjNkQlF3WkRaRFUF\nZmJfaWRxA4oE4VfUKXUu\n','2012-09-17 00:19:23'),('b6cd9f1c3d1031e47105353b819ad123','MDMwZDBkZjY0N2E4MGU4ODUzN2IwZjJlMDNlODgyN2JjYjRhM2E0YzqAAn1xAShVBXRva2VucQJV\nbkFBQUc3MUV2ck9aQ1VCQUx2SjhCRkJoeHh6c2twdHlkdjlvWkF0UkJBQVhFNlN5M2NlblJGeEtJ\nbGVhMEZqNHVKNkx5U1J4dGdqQjlndHlJQjg3Rk9qdkNOV0thbEZuWVQ1WkFKcUFlckFaRFpEVQVm\nYl9pZHEDigaX8UJb81p1Lg==\n','2012-09-17 13:48:37'),('b85b1ec3552a04cd690f2057f66a663c','MmZmZDg4Yzk5ZjBhMjk4MGE3NjI0NWQzZGFlOTFjZDlhZjgwOGVkYzqAAn1xAShVBXRva2VuVW5B\nQUFHNzFFdnJPWkNVQkFMdko4QkZCaHh4enNrcHR5ZHY5b1pBdFJCQUFYRTZTeTNjZW5SRnhLSWxl\nYTBGajR1SjZMeVNSeHRnakI5Z3R5SUI4N0ZPanZDTldLYWxGbllUNVpBSnFBZXJBWkRaRFUFZmJf\naWSKBpfxQlvzWnUu\n','2012-09-17 02:13:19'),('b87283ee04a292ec56d9b29c02ebba3b','M2I1OGRjZDhmZDFjOTVmN2RkYjc3ZGExOTliNmM5ZjdiMmNhOWMwYzqAAn1xAS4=\n','2012-09-19 19:49:33'),('b968795e703c4a523b0cb6bffcaf4d2a','OTdmOGRiODJiOGMyMzZkMjNlMTdlYzdhZWNiMzlmNDgyMTEwMGNmODqAAn1xAShVBXRva2VucQJV\ncUFBQUc3MUV2ck9aQ1VCQU1DZTNsN3EwVTFqOUFvaEhvUWk5T3docmh6M3NFUkNBNkNrVUNHMlpB\na2dBemtMcXljWE5VVElUeThaQ09qYjhOOFpBVlhaQ3ZLdVpCZ1RiSzRtd0JNQ1RZUWk3UVFaRFpE\nVQVmYl9pZHEDigQV9DdWdS4=\n','2012-09-15 20:44:50'),('b9cc32ba48bdf1dc5a23b6876cb5251a','Yjk3MDUyZDMzZTU2OGMzNTQyNmMxZjFiMWMzMWM5YzBiNjg2MWI0MDqAAn1xAShVBXRva2VucQJV\nb0FBQUc3MUV2ck9aQ1VCQU8ybHBuakdlYlByOUg1Z0VHY3prSDZMUmRVVzVPVlBwV2t1NWE1ZWxl\nS3dNTzV4MURhNERxc1pDeWhwS295bDFFc3J0T2hNaE40QmRaQ0JtWkJWWWVwWEhwakZBWkRaRFUF\nZmJfaWRxA4oEtOtIQnUu\n','2012-09-17 00:50:56'),('bbbdfd7e809afd1144e6334925ee3a26','MWZhZDE3ZWQ2YmM3Y2Y2ZDhjZjc3ZmJkNThhOGMxZDE1MWQ0ZjMzNTqAAn1xAShVBXRva2VucQJV\nckFBQUc3MUV2ck9aQ1VCQUppMlRaQmptM1FaQm9XSGR3TXh1TnpaQU14UkMwZHFwT0pkaHFuWkFX\nT05IdG5FYmJra0J2OUVOZDhPUThQMmlTZ3AwQlBnWkNueXBxMWdYbjdPSjU0VVdmODdtWkNRWkRa\nRFUFZmJfaWRxA4oEUhxjPXUu\n','2012-09-16 23:37:16'),('bdd5cc2fd5292d578ea7e2b075e5f638','OTZjMDlhOTc4N2E5OWI4N2ZjNmE3ZTBmZGNlNTAzZTNlMTBjZjZkODqAAn1xAShVBXRva2VucQJV\nc0FBQUc3MUV2ck9aQ1VCQUZrWkNrU0tEaWhqRFpDMjRyR3pxWkJ3dU9mODlnOHI5S0Q3OUU1SFUz\nYjBtazFFUmxLNEZ6U1U3cDNjSlY1WkJoY1pDMGVLT3VDS0lFY0dsbmZJdUgwdVpCRG81WkI1Z1pE\nWkRVBWZiX2lkcQOKBL0ae0Z1Lg==\n','2012-09-18 01:15:36'),('c017ffcda4e752cd52afa058108db32f','MjNmMjU3YmU2MjczZDczZTI1ZjFkMTRjNTYyZjc4MzNhZTVkZTViNzqAAn1xAShVBXRva2VucQJV\nckFBQUc3MUV2ck9aQ1VCQUczbTNJVm5INHNrSzB2NFpCaWZUT2JKRHBkQVc2bEF4WkMyS0RkTFpB\nT0psUEZXWFpDTHRWNHFXb0hxa2E0TFhvRmFta2Y4b0VSemtKYjdaQk9aQjVzT2xQalhVZ2JRWkRa\nRFUFZmJfaWRxA4oECvrYLXUu\n','2012-09-15 22:57:48'),('c322e2eb914707e5e3e85b517af6fdfb','NDMxYTllMGI0YTY0YmYzZjQ4NjY1NGU3MTllNDI2MjlhMWNmNTkyMjqAAn1xAShVBXRva2VuVW1B\nQUFHNzFFdnJPWkNVQkFKeHBYem1PNUpsOXlET3VCc2xITkFtTkhVQXBmZDlMT05rbVhNd0tGQlpC\ndTUxMzdCamx5bHhhdGNCOVRuamxSSUJycUlmM2JhSlBUWUtoUkFXYUtLVTJ4UmdaRFpEVQVmYl9p\nZIoEuW+lZXUu\n','2012-09-16 19:36:38'),('c38834988183a16620debbf54ac1bdd1','ZWNlN2I0YmViNDk3YmJkMmU4OWM1MTFjODkwN2ZlYWZiMGQ0Y2RhMDqAAn1xAShVBXRva2VucQJV\ncEFBQUc3MUV2ck9aQ1VCQU1aQWo5SlpCREl5S3lnbXRrVGd4ZkVDd28zMTl2MHZuUUg2dVRqbXVP\nV1lmb2ZuWkJqQThVbmhTcnBQWVc0QnV1aDFRWWhrV1pDbnJJMjZzcUtjVk1NVDhncUdsd1pEWkRV\nBWZiX2lkcQOKBB+eFl11Lg==\n','2012-09-16 02:10:31'),('c3b869f30b4340374ab29b5cf32ffbf2','NDVkODE0OGViNGVkMjVkNzkwODU3MDFkNmMyYzEyMDQ0NTMzMzc2ODqAAn1xAShVBXRva2VucQJV\nbkFBQUc3MUV2ck9aQ1VCQUNldWpBN1ZpU3E4TVFtU1lzdjBlSHJWYnNpbDlOdjU2RkNFWkFNSUR6\nNGVIMUE5WkF4RnBPaFM2dzJtcXlUTklrZnFtY3lCUTM1eDlPZTE0NmpDR0U2TU5pS2daRFpEVQVm\nYl9pZHEDigbU+08b81p1Lg==\n','2012-09-18 21:32:30'),('c3cfc0af92126dce869e38b4dfaa0589','ODVkYjA4YzNiMDVkODg1NDE2NTYzMzVmMTM5OGQxZmM4MzBjZjM3MDqAAn1xAShVBXRva2VucQJV\nckFBQUc3MUV2ck9aQ1VCQUhlSThwYVRaQ3A0cElFZzU2dDBuYWtZVERKWkJQcmdFenFsdVVaQkFa\nQjZBVElHMlgxdlBoMFJoaXNMQ1RRM2xmUFRPbzhaQUNOMktkVzBFTDBVQ1ZSMVBqRlpBT0lnWkRa\nRFUFZmJfaWRxA4oE3Ud2UHUu\n','2012-09-17 23:41:18'),('c4d8e0591bd29fde6771e588e1eb838c','OTZjODI1N2YwYWQyZjc2OWQxM2NhOGQ0ZTRiNzA1YTc5NDE0YjJkZTqAAn1xAShVBXRva2VucQJV\nbkFBQUc3MUV2ck9aQ1VCQUZaQ2U2OXNkV3NxZTBJRThBaWtWSWYxcXdIdXRNaHo1dXYzaDNTNTY2\nYmNPQ1dWT0xOeDhYT3c5S2VIYmt2ekdvTVQ0SVpBdGxsRkZFNzExTGRweTNUaTFpMUFaRFpEVQVm\nYl9pZHEDigR8+DkodS4=\n','2012-09-16 16:59:46'),('c53751a5d8e57b6cf666463b705dffc8','OWUwZTJkMzlmZDljMDE4ZWFkNjA2MWMzM2QzZGRmNmU5MmMyNzdkMjqAAn1xAShVBXRva2VucQJV\ncUFBQUc3MUV2ck9aQ1VCQUM2TWVYTUtDWkJ0NVhFS0xVOXhyZlJaQTM2UDdWQ1NCaXVDdlJaQUlN\nQkFQd2VrS3lvaFZvVUhZWU9xU1FXVldkNmYzeUpaQXZWOFBaQnBWODNMczZUNHJPZjhON0FaRFpE\nVQVmYl9pZHEDigSm78tddS4=\n','2012-09-18 12:42:30'),('c794e118fbcb35fb85805637ab44ff17','ZWUwZjhlMmUzM2MyYTJiZTdjN2M3NjU0OWRkOGY0YzNmNzc3OTQ3YjqAAn1xAShVBXRva2VucQJV\ncEFBQUc3MUV2ck9aQ1VCQUU1YUVaQVFNYVJWRTFKSlQxVnpvaENud0Z0c1EwRDk1YTgwNTcyakZX\nYzlHWkFEYjhScmpSczdsQTQ4b1FSRHpGcUhSQnJaQWVQc3JGamw1cnNodWhONnlKWkI3d1pEWkRV\nBWZiX2lkcQOKBPutciN1Lg==\n','2012-09-17 02:17:27'),('c88d9e9879aecf25a3bccbf434520b81','YTg4MTQyM2EwMGZiZDFkZDllNzc1NjU5ZGQ3YjBiMzM5YzA5NmUyNTqAAn1xAShVBXRva2VucQJV\ndEFBQUc3MUV2ck9aQ1VCQUFyZmEzMEhDRjBJVUZhUlpDZXhsWkFDc2ltWkNyQlpDZWROeTNRSW9R\nbDZxbUtkVllndjVXWkJuNFpCWkFNYVg4aXB2VHhGZFNiMFlLQXFHeThsRVpDZUF0dTJLOUJFd1Fa\nRFpEVQVmYl9pZHEDigZUvd5d81p1Lg==\n','2012-09-16 23:14:30'),('c8aef80b7a80ca83ba774a15ae66c393','ZmNhYTRhOWE4MWVjY2RkNDc0ZGMzYTg1NzA4YThhMjhkZWUzM2RjMzqAAn1xAShVBXRva2VuVW9B\nQUFHNzFFdnJPWkNVQkFHQ2VaQW9GeWVUdThzZ3BiRVVwOW1saHk3eEJJTUw4VjR0SW5JQjFZbWJ1\nVzZCbkNTWWZLMHBaQ0w2Q0FaQjY2R3NEU0VFUldUcmx0QlFNNERWMWdpZUFtMFM2d1pEWkRVBWZi\nX2lkigSq25M/dS4=\n','2012-09-19 21:44:47'),('c96f852cc5bbe3238b8a1759124d6f86','OTJiOWNlMjFiZTVjODdkYmRkNDVjMjI0YjJjNzA4NmNkZTMzMmNiYzqAAn1xAShVBXRva2VucQJV\nb0FBQUc3MUV2ck9aQ1VCQUhKa2dPY0xocWJ4aENrRWdpenUySTFWSzRpS2VPdVJ2bUp6c1l5YXRa\nQUVpaUw5T1RjWE1FV0tuQU9FWkNaQ3pSdFEyZlR2cHFON1VkaXhHcGdQV0RUZEZrckJnWkRaRFUF\nZmJfaWRxA4oEiFUoanUu\n','2012-09-18 17:44:56'),('ca25b5765251c0f0477248924da7b00b','M2I1OGRjZDhmZDFjOTVmN2RkYjc3ZGExOTliNmM5ZjdiMmNhOWMwYzqAAn1xAS4=\n','2012-09-17 12:44:28'),('ca46159c4b7c04c5c6d11d3aca9d799a','YzY1NDg5MjI3MzRkYTFlMjJiODNjZGE5NmIxMTRkOTRlY2M3NWViMjqAAn1xAShVBXRva2VucQJV\nc0FBQUc3MUV2ck9aQ1VCQUh3WkE5MVpCOWdLWTdER0RpVGlLb3l4dHg5eThPVERyU1pCeXZ5OENW\ndFU4NUNMakdRWkN1VWxPdUhORHB3bVBqUFpDWkFHc2x3WUtQSFExalJGUVBqUXJaQkpCbGt6d1pE\nWkRVBWZiX2lkcQOKBEztyGd1Lg==\n','2012-09-17 01:48:21'),('cb671ed0f476f569f265f500d12c0ecc','MDEwMGYyZDhlYjg5MzJlODhiNDc1MDAxZGNkOGJjNjllYzZlODk0NjqAAn1xAShVBXRva2VucQJV\ncUFBQUc3MUV2ck9aQ1VCQUx6VWRIU0d2TzRicVlFczhXYmw2SEFIVzJPYVpCRFlBcG85dTdhVk5h\neHNzZWdJemRTWkFDUHNiU0tvUlYyOUhTWkJTMGlyTGlleEF4WkNFWWVLVllobUYzWkNLTVFaRFpE\nVQVmYl9pZHEDigR3VSFodS4=\n','2012-09-17 15:18:21'),('cba71f7dd19fe1d184860a1137fbda5c','ZjU2NWRhODcyMTNjOGIwZWZjYjQ1NDUyODNlMWEwZTRkYTYwOTgxMTqAAn1xAShVBXRva2VucQJV\ncUFBQUc3MUV2ck9aQ1VCQVBUbE9VMmUzNmV2eEx4OFpCWkF4alpCVWdJZDl1SkFlV2gwVVpBQmRZ\ncmJ2anlZM3doWkNMUEZnVjFZQUJsZzRrN2wxelVVdEFCV3ppZHJ3NmlkcHNXVk1VaEVwdFFaRFpE\nVQVmYl9pZHEDigRGL24edS4=\n','2012-09-18 22:09:03'),('cdfe1ca3bca7ccb8effc6ed822c930f8','ZGE4YWFlYjkwNTA3NjEwZDFiN2MwMTU1MzM1MzY5NjliMzI4YjBjMTqAAn1xAShVBXRva2VucQJV\nc0FBQUc3MUV2ck9aQ1VCQUQ3YW9LMVBTZ2tGbGdtT1cyVVpCWkFaQUVPSTBUanBaQkthUGtJbUNn\nRG1vZ3JxRVpBQnhDQTdhS212NWN4QlJxWXdUWTdUSm9MODI0WkNaQ1g1YjNJM3YxMDhoRXhoQVpE\nWkRVBWZiX2lkcQOKBDm5dT91Lg==\n','2012-09-19 22:20:28'),('d1636fbe1c58bebfd19c10c14938320b','Yjk3MDUyZDMzZTU2OGMzNTQyNmMxZjFiMWMzMWM5YzBiNjg2MWI0MDqAAn1xAShVBXRva2VucQJV\nb0FBQUc3MUV2ck9aQ1VCQU8ybHBuakdlYlByOUg1Z0VHY3prSDZMUmRVVzVPVlBwV2t1NWE1ZWxl\nS3dNTzV4MURhNERxc1pDeWhwS295bDFFc3J0T2hNaE40QmRaQ0JtWkJWWWVwWEhwakZBWkRaRFUF\nZmJfaWRxA4oEtOtIQnUu\n','2012-09-16 04:47:35'),('d615d06643dc34783ed91cc6c0e519d8','NjMwMjc5YThjNWE0NzdlOGY5M2FmN2ZlODY3MjhiNzI5NjE5N2NjMjqAAn1xAShVBXRva2VucQJV\nbkFBQUc3MUV2ck9aQ1VCQUU4cFRIT1RPS0JuT0c3S05RQ3FkWEtUZXJNYlhjUER1Y1ZMejdaQnZ2\nTmx0WE1VMzBhT2tHVUxTdlJXVkhVQm04MHY1bElxakRma2RSbjd6UTVaQ25ycHliVndaRFpEVQVm\nYl9pZHEDigbzNbg/81p1Lg==\n','2012-09-16 20:16:55'),('d68875f14ec3d89b3a6509bb425cfbbd','ODhkZTE5ZjQ0NDZhYzY0NmMyZjE0ZjVhZjU0MjI1MTZkYzdkODY2ZDqAAn1xAShVBXRva2VucQJV\ncEFBQUc3MUV2ck9aQ1VCQUxYcVhmbXJlTjFOcGd6RlI1RjlDdzdTaTBsRDZNbEtHeU9Uc1lQczhM\nQWJ1WkE4ZXlNbTZQZDFzM1pDeEE3S1pDNVpDWXJWM0h1NFY2cXIzS3ROQkZKajQya0JwZ1pEWkRV\nBWZiX2lkcQOKBOV0LSJ1Lg==\n','2012-09-16 17:50:41'),('d8beb86a6be6741eb431b2db92525bc5','MTBjZjY1NmE1MmZmZmJhZWM1NGZlZmNkYTEzYmM1MzA3MDAzZDkzMzqAAn1xAShVBXRva2VucQJV\ncEFBQUc3MUV2ck9aQ1VCQUNzeFVmQWFRVHlIbVJxMXhSTElBWkJLam0yZTk3MFBVRzMwWkEyTVpC\nRG01UG1McGlXT3V3b0Z6OWc5SnFudFBROW1Mbk16dTQyc0FaQnYzQlZsYlFEalJ5QmdkUVpEWkRV\nBWZiX2lkcQOKBE2dzB91Lg==\n','2012-09-19 21:27:28'),('d8ceb58672572ced45bb7ab2f68e8479','MmQ1OTk0NzlkMGM3MzY4Y2M4YTI5ZjEyYzViNmFkNWM5MzFmOGMwMjqAAn1xAShVBXRva2VuVXFB\nQUFHNzFFdnJPWkNVQkFNQ2UzbDdxMFUxajlBb2hIb1FpOU93aHJoejNzRVJDQTZDa1VDRzJaQWtn\nQXprTHF5Y1hOVVRJVHk4WkNPamI4TjhaQVZYWkN2S3VaQmdUYks0bXdCTUNUWVFpN1FRWkRaRFUF\nZmJfaWSKBBX0N1Z1Lg==\n','2012-09-17 02:22:49'),('ddacb2d97f2694fc56011f5941eb83f7','ZDFlMzRkYmJkZDRhNDI0MzJkNjliZjdiZmQxOGM0YTQxYmFkODZjYTqAAn1xAShVBXRva2VucQJV\nckFBQUc3MUV2ck9aQ1VCQUVmcnVRVHE4TEdCT1dtUjBaQ1pBWWhPQ1VPNVpCOFpCV01qQzFaQmlv\nSkhWYXpSU1RYYWJGRWtteW1KRUsySHllb0ZIcmZlWkNTNDk4Yjl5bjhYNnlNOVM2MEJUMmt3WkRa\nRFUFZmJfaWRxA4oEYnB0VnUu\n','2012-09-16 23:24:47'),('ddae25cdeb9a7eb60b00f013950552b6','NTVjZDM1ZDQ4NGM2YzJjMDIzMjk0MmE2MmQ4ODdlN2EyNzkxMDFmYzqAAn1xAShVBXRva2VucQJV\ncUFBQUc3MUV2ck9aQ1VCQUh6dFY4ZEVETldqWkJxdEd1R3VOMFlEYjRaQnV3RlpDcFBwdGtzR0d1\nT3h3bnBwQ2l6NnhiRUNaQ1pDNlc5UmZHbjJRZ1Y2VzVVSEVJM0V0Q2tHd0YzbUpxZnFraXdaRFpE\nVQVmYl9pZHEDigYp2iAT81p1Lg==\n','2012-09-16 15:09:09'),('e2d76f28f108ad8c01cfb083daa28480','OWJkMzI5ODhmYWQxYjI1NDIzNDcyZTcyMjQ4M2E3OTE2MTFkMjY5ZjqAAn1xAShVBXRva2VucQJV\ncEFBQUc3MUV2ck9aQ1VCQU9xRVZwWGVLOVpCV0xzOE00TjRQRFpBdENrcjFDQVdOM0puV3N0NTRz\nN0FnblZ6MVpBS1BkdklrYkVFRzhrcVlPT3pTUDdqdWYwY0NtUEV2MEgxWWl1WkJyOHlHUVpEWkRV\nBWZiX2lkcQOKBPUWjyR1Lg==\n','2012-09-16 06:08:14'),('e42e11f06aecd1eeda8e2affbc0ea531','NzZlY2Q5MjAyYjlkZjZlM2E4NGRhNmZlZDY5MWRiNzU5ZTgyM2VhNzqAAn1xAShVBXRva2VucQJV\ncEFBQUc3MUV2ck9aQ1VCQUk3S0daQnNCTU1idjFrak5JSG43VGZJOTNlWkJrU2c4YW1UcFZHNVJk\nWkJwWW8zNWZWMWpyUDB2dDVycmJYZzJFUnNUR0h6bk1ET1pDY0pmU3NNektBakZrTFhZZ1pEWkRV\nBWZiX2lkcQOKBN1HdlB1Lg==\n','2012-09-15 21:39:50'),('e882be9ff40d2c1e9a22c4910e6a042a','ZDVmMGRmNWEyODFiMDQzYzU1MmNkOWY3ZWMxNThlMWI2ZDc0ZDU1MzqAAn1xAShVBXRva2VucQJV\ncUFBQUc3MUV2ck9aQ1VCQVBFYmJRSmtrRVQ5OEx6YXlwSFpDY3RBN1NDSm9IN3pjQnJEbzhkSmZH\nRW1tWVRXVHpRaUpVUEtaQTl3ZFpCRjJQSGhoSzFmRmpsR1pCZTVrRzBGZVJKWkNieFNEOHdaRFpE\nVQVmYl9pZHEDigbZpJlg81p1Lg==\n','2012-09-16 06:31:36'),('e9ff7dd8440bb0031a28b6806d13a542','NTdhMjk0OGI2YzlmMTE3NWRlNjlmNjIwMGE5Y2M4MzI1YzEwNGVjZTqAAn1xAShVBXRva2VucQJV\nbkFBQUc3MUV2ck9aQ1VCQUtwVGk0UmFaQjhCSWZUNGp3Vmp0Y1dQZTZrOHF2N1pBcmZyckJ6QXEx\nUzViQndESGNIRkFTcUFMcXo3MmpPbGM3WEJEc3BodnFRRDF5d2FtR0FGbmg4bzhJSGdaRFpEVQVm\nYl9pZHEDigSHzeRrdS4=\n','2012-09-16 18:52:09'),('ea20690394241de76e928a9e71db5f2d','ZjkyZmNmYzhiMjAwNTI4NGNmMzM1MjkwOGU5ZDE1ZGE1OTM0OTkyNzqAAn1xAShVBXRva2VucQJV\nb0FBQUc3MUV2ck9aQ1VCQU96YjhLUlQ4djBFTmtBalBTSGRGUkdpZjY0NUl2WDlxQ0d6N1NNc3Rm\nTktsZzFaQnRzTm9oYlE2dlluMTZNRVVWNFRwRm1kVUdHTElGY0NHZ1pCVVpCUjY3TDhBWkRaRFUF\nZmJfaWRxA4oESQuVRnUu\n','2012-09-17 22:04:26'),('ea6d6868b7a04ac9e9393114c51e9c69','Mjg0MmJjMDU5NmZlNGM5MDU4MzYxODU0YzhmYmNlMTMwZWNlMGM1YjqAAn1xAShVBXRva2VucQJV\nb0FBQUc3MUV2ck9aQ1VCQUtWQVZQYU5TOG4zT1ZqNmxnN3daQnN6MVlHWkNBa2xhWkFxQ2tqZVBp\naVRXQzFGcUVCUlhBNWduYnRveDVJZ2JCMGlEU24zZUhUcGd3Qk4zZElrSVc2QkROUkhRWkRaRFUF\nZmJfaWRxA4oGAE8ipvNadS4=\n','2012-09-20 12:09:43'),('eb3641686a4f36b7f1ae9966892f2c7e','MGI0YzFlODhlZjhkOTc2N2ZmOTIzYzNjYTgzODQ1OTg2ZTVlMmJhOTqAAn1xAShVBXRva2VucQJV\ncUFBQUc3MUV2ck9aQ1VCQUxpS1pCVmg5SHRaQ0FVMXF2YmszeVNRSjVKNmVySlV4Y1VxdDFob2FS\nZ0htcDFaQVNpNjZ0TUJoS1l2RFZsYTFaQzhEMXBMVUtmb2VUQVpBZ3ppZUlHbFNkb2RVcmdaRFpE\nVQVmYl9pZHEDigab1p8g81p1Lg==\n','2012-09-17 19:53:10'),('ec389ae4ddf2a3136062a29b47ad12c1','M2QxYjgzOTc5MzEyNWYyZmNlMzZlNDg2MWRhNTVmNDhlMGU0YmNhMjqAAn1xAShVBXRva2VucQJV\nb0FBQUc3MUV2ck9aQ1VCQUdVTHZkWUJSRmdMY2FZeER0ZlVDTWFEWkF4aHlkTW1qcnM4OUJXOXJW\nNjVXNXpaQ3NuM2tRazdmVGl1aDQ5Mk92NFFjQXNYbTJqRnR1RUFXY0ZMM2lkRFFKWkNRWkRaRFUF\nZmJfaWRxA4oGNYUvMPNadS4=\n','2012-09-17 20:26:12'),('ecba7783ca68322509705eecb9134080','M2I1OGRjZDhmZDFjOTVmN2RkYjc3ZGExOTliNmM5ZjdiMmNhOWMwYzqAAn1xAS4=\n','2012-09-24 21:23:44'),('ee771b91a2c4a3603a933a0f61d0447d','NjMwMjc5YThjNWE0NzdlOGY5M2FmN2ZlODY3MjhiNzI5NjE5N2NjMjqAAn1xAShVBXRva2VucQJV\nbkFBQUc3MUV2ck9aQ1VCQUU4cFRIT1RPS0JuT0c3S05RQ3FkWEtUZXJNYlhjUER1Y1ZMejdaQnZ2\nTmx0WE1VMzBhT2tHVUxTdlJXVkhVQm04MHY1bElxakRma2RSbjd6UTVaQ25ycHliVndaRFpEVQVm\nYl9pZHEDigbzNbg/81p1Lg==\n','2012-09-17 12:53:53'),('f32b0cf09f92d087724b21c6cdcd3567','ZmNlY2UzYTJkYmEzMGQ5NGRlYTYxYjkwYzEzY2M4Y2MyNmY3Njg1NDqAAn1xAShVBXRva2VucQJV\ndEFBQUc3MUV2ck9aQ1VCQUtLYmpqWkJ0UVpCbGRaQjllRWlVUUljcnphRmFaQ0JaQm1GWGxaQ2xh\nSUdkSzhaQ3JEZWt6RE1XQXFINTZ4VldGQXlpZVduUWRHSVdEc0hpeGI1d21oRUNmUlpDbHR2b3da\nRFpEVQVmYl9pZHEDigR1/Ac8dS4=\n','2012-09-21 16:21:02'),('f4217cc95711d7017e9b7e6866545f90','NzJhMWFiNTA0NzM1Y2Q0ZjAyM2Q1NjY3MDUyMjdhYzcwNDRhOWRhMDqAAn1xAShVBXRva2VucQJV\ndUFBQUc3MUV2ck9aQ1VCQUFuQjdaQTg2WUZOVEV1Tkt3cmo2WUplWkN2WHM5VG5vZVpCb2ZaQ3dx\neEtaQU44Z0poUHQ1S3k0WkMzTFhXRUtKaEdhWkNxamRJRXEwUHFzZk9lVFFHNTZNWkNFalpDV0hB\nWkRaRFUFZmJfaWRxA4oGVMQkUfNadS4=\n','2012-09-16 21:21:09'),('f43228041b82a15a5198b733c0d06072','Y2Y5YWQ4MzFmYWNhZGQwZTIwM2U1OThmNTU2MzEwNTc5NWFiZjhiNDqAAn1xAShVBXRva2VucQJV\nbkFBQUc3MUV2ck9aQ1VCQU80cFVLd0h6Ymt0bUtpZGFWcFQwa2JFbjlINjZDSVZmMWw0RmtERWJk\nSnllUG1jeDB0dDFYYkdpanVBZWJaQXBWSlpBVm9LdDRSNUh1akx6RnJzUVVSbUpnRWdaRFpEVQVm\nYl9pZHEDigSoPk9DdS4=\n','2012-09-18 12:37:02'),('f4e2f31221e07a70064d74b40a41e2e6','MzZkY2UwM2NlZTNjNmUzODRkYzNkMDFiNGIyNGU0MWVhNDBiYWQ3OTqAAn1xAShVBXRva2VucQJV\nb0FBQUc3MUV2ck9aQ1VCQUVUV3VlczRaQWwyWkJvMFIwZ2JBRFcweUF2Y1RMWkN6Y0xxN0lMYXdi\ncE9hMmZKV0ZtMGdWTnZmMnpuaHBEY3dxdDJDZU84TWZ2T2ZGWUVDV3VpOEg2cDZVSDZ3WkRaRFUF\nZmJfaWRxA4oGAEPOZPNadS4=\n','2012-09-20 00:56:11'),('f7339f527c9ba36f92dbc219d67c7bf5','NzdiY2U0NzM2Yjg4MTc4M2IxZjg2ODA4MGRiNDg0N2ZjMzc5OTA0NzqAAn1xAShVBXRva2VucQJV\ncEFBQUc3MUV2ck9aQ1VCQUZ1Nk90N2xFQVRlbmhpVXJFZWE0cFh5WHozZGViNTRIUEdZQzFLcHRx\nRlJYMGdLdVZPR1pDOWZ2WkJYSVRoVlhOZFZaQ3dVWkMwV0R6UnpwWHB1ZmlYMUpkdEFVQVpEWkRV\nBWZiX2lkcQOKBAkpESh1Lg==\n','2012-09-17 00:56:46'),('f895d518a049d46f96f57277af884a80','ZDZkMjkyNmRhMGE3OGE4YjU5NWQ0OTEzNWQ0Y2UxOWI1YWMwYjk1MTqAAn1xAShVBXRva2VucQJV\ndkFBQUc3MUV2ck9aQ1VCQUVySXB1dVJRRnZBMnp6MmxaQlhBWWdYOFpCQjlBc1VyaEtkNmFaQngx\nelRHWGtaQlNSVVpBR2tBWkJSSnNrRVdWMTZEYURNblpDaFpBWkIyakVQdTdiazVxanV4VmFaQ1hi\nQVpEWkRVBWZiX2lkcQOKBhwePGXzWnUu\n','2012-09-21 01:09:32'),('f91cd05b8927f7a779a5c8217fd93d7a','YjZmN2NjNDg0NWFkNGZiYjMyYTZmMjc1ZDc1NGUwYWZjNzRjYTA1MjqAAn1xAShVBXRva2VucQJV\nb0FBQUc3MUV2ck9aQ1VCQUR6QnNrc2ZVSDBkZVVVSjA2N0J2RWdvZVh4UzFSbXR0MVpBWGlNQ0Vp\ndnNocm8zNWNaQzdrYnE5NlpBdTBKcmtzV1ZCTVV6Tnk5SzRMcVFhSjZoeFZ0V251TmJ3WkRaRFUF\nZmJfaWRxA4oEAlsiT3Uu\n','2012-09-15 23:59:30'),('fa0e6218889d9fed68ddd5f449ea0afb','ODVkYjA4YzNiMDVkODg1NDE2NTYzMzVmMTM5OGQxZmM4MzBjZjM3MDqAAn1xAShVBXRva2VucQJV\nckFBQUc3MUV2ck9aQ1VCQUhlSThwYVRaQ3A0cElFZzU2dDBuYWtZVERKWkJQcmdFenFsdVVaQkFa\nQjZBVElHMlgxdlBoMFJoaXNMQ1RRM2xmUFRPbzhaQUNOMktkVzBFTDBVQ1ZSMVBqRlpBT0lnWkRa\nRFUFZmJfaWRxA4oE3Ud2UHUu\n','2012-09-19 23:39:37'),('fcd7b6c47c26295e389b979943fca84d','N2QyZjk4ODFiZjMyMzI5M2NmNjFhMGZkODM1YWY5MmNiODYxZGVjZjqAAn1xAShVBXRva2VucQJV\nb0FBQUc3MUV2ck9aQ1VCQVBIQWpZMHk3a25JM1hXM3k3VGhhRFQ3MFpDMjJaQzB4Y3l0cDRiOWk0\nRG5mcWlSdGh2VENpODRJeDlaQ3VYaUlqcFNoV0ludDFBUTE3akxrZENIclFmU0tYc3FBWkRaRFUF\nZmJfaWRxA4oESyVaK3Uu\n','2012-09-19 17:17:20'),('fe9135fb7779de54fb35af1eecee9727','Yjk3MDUyZDMzZTU2OGMzNTQyNmMxZjFiMWMzMWM5YzBiNjg2MWI0MDqAAn1xAShVBXRva2VucQJV\nb0FBQUc3MUV2ck9aQ1VCQU8ybHBuakdlYlByOUg1Z0VHY3prSDZMUmRVVzVPVlBwV2t1NWE1ZWxl\nS3dNTzV4MURhNERxc1pDeWhwS295bDFFc3J0T2hNaE40QmRaQ0JtWkJWWWVwWEhwakZBWkRaRFUF\nZmJfaWRxA4oEtOtIQnUu\n','2012-09-16 15:55:40'),('ff693075b00b3f2b67f95f02daba6a8c','NDMxYTllMGI0YTY0YmYzZjQ4NjY1NGU3MTllNDI2MjlhMWNmNTkyMjqAAn1xAShVBXRva2VuVW1B\nQUFHNzFFdnJPWkNVQkFKeHBYem1PNUpsOXlET3VCc2xITkFtTkhVQXBmZDlMT05rbVhNd0tGQlpC\ndTUxMzdCamx5bHhhdGNCOVRuamxSSUJycUlmM2JhSlBUWUtoUkFXYUtLVTJ4UmdaRFpEVQVmYl9p\nZIoEuW+lZXUu\n','2012-09-17 17:14:45');
/*!40000 ALTER TABLE `django_session` ENABLE KEYS */;
UNLOCK TABLES;

--
-- Table structure for table `profiles_user`
--

DROP TABLE IF EXISTS `profiles_user`;
/*!40101 SET @saved_cs_client     = @@character_set_client */;
/*!40101 SET character_set_client = utf8 */;
CREATE TABLE `profiles_user` (
  `id` bigint(20) NOT NULL,
  `name` varchar(255) NOT NULL,
  `token` varchar(255) NOT NULL,
  `email` varchar(255) NOT NULL,
  `picture` varchar(255) NOT NULL,
  `meta` date,
  `privacy` varchar(1) NOT NULL,
  `username` varchar(100) NOT NULL,
  `created` datetime NOT NULL,
  PRIMARY KEY (`id`),
  UNIQUE KEY `profiles_user_username_6441bd4697b0f9ba_uniq` (`username`),
  KEY `profiles_user_f774835d` (`username`)
) ENGINE=InnoDB DEFAULT CHARSET=latin1;
/*!40101 SET character_set_client = @saved_cs_client */;

--
-- Dumping data for table `profiles_user`
--

LOCK TABLES `profiles_user` WRITE;
/*!40000 ALTER TABLE `profiles_user` DISABLE KEYS */;
INSERT INTO `profiles_user` VALUES (508369209,'Rennan Oliveira','AAAG71EvrOZCUBAAhZCH4OSVSA8MTcZB6ll58165JEL1kb980vLUuS7ZBrJFTA8akfsdDzbe82nWjm1MH4874rFyLIZA2kW1pqOvEGzEa8iwZDZD','ren_oliver@hotmail.com','http://graph.facebook.com/508369209/picture?type=large','2012-10-10','1','rennan.oliveira','2012-09-11 02:27:53'),(510537542,'James Crane-Baker','AAAG71EvrOZCUBAPTlOU2e36evxLx8ZBZAxjZBUgId9uJAeWh0UZABdYrbvjyY3whZCLPFgV1YABlg4k7l1zUUtABWzidrw6idpsWVMUhEptQZDZD','cranebaker@gmail.com','http://graph.facebook.com/510537542/picture?type=large','2012-09-06','2','seeingfurther','2012-09-04 22:08:58'),(519021298,'Carlos Gonalves','AAAG71EvrOZCUBAKqQgLZBGdyTrfto2nQeSaAVx6zro98lsZANaiU7yIYUwhjrZALJhihetBaZC925qpfCRVky41uZAzPZAU7NpOA4tX8bmGzgZDZD','carlosgpn@hotmail.com','http://graph.facebook.com/519021298/picture?type=large',NULL,'2','carlos.goncalves.5496','2012-09-06 15:16:47'),(523692808,'Aurelizia Lemos','AAAG71EvrOZCUBAIP6SjVKcjcDZBzdFQLMOhGZAkmJkVKftL6Uu1OAL9DZCD4tVkez4l8zCyVObqjdJadZBW75ZA20670WrO05PDrndQNJ4OgZDZD','lizasan@gmail.com','http://graph.facebook.com/523692808/picture?type=large',NULL,'2','liisie','2012-09-03 01:04:36'),(533503309,'Julio Protzek','AAAG71EvrOZCUBACsxUfAaQTyHmRq1xRLIAZBKjm2e970PUG30ZA2MZBDm5PmLpiWOuwoFz9g9JqntPQ9mLnMzu42sAZBv3BVlbQDjRyBgdQZDZD','julioprotzek@gmail.com','http://graph.facebook.com/533503309/picture?type=large',NULL,'2','julioprotzek','2012-09-05 21:27:26'),(549761157,'Samir Rage','AAAG71EvrOZCUBANZCb1IOBt8DD2OHmpwWEAhRYolul4ZAASAgyqiRZBMzQccikl6RXHQ2pDJ3edFyv2hQCKmDYjI19hjO346de5JFBzP8wZDZD','samirrage@gmail.com','http://graph.facebook.com/549761157/picture?type=large','2012-10-02','1','samirrage','2012-09-03 02:42:48'),(573404389,'Ivan Brmaister','AAAG71EvrOZCUBALXqXfmreN1NpgzFR5F9Cw7Si0lD6MlKGyOTsYPs8LAbuZA8eyMm6Pd1s3ZCxA7KZC5ZCYrV3Hu4V6qr3KtNBFJj42kBpgZDZD','bormaister@gmail.com','http://graph.facebook.com/573404389/picture?type=large','2012-09-11','1','bormaister','2012-09-02 17:50:32'),(594718203,'Gabriel Fernandes','AAAG71EvrOZCUBAE5aEZAQMaRVE1JJT1VzohCnwFtsQ0D95a80572jFWc9GZADb8RrjRs7lA48oQRDzFqHRBrZAePsrFjl5rshuhN6yJZB7wZDZD','gabrielfp@gmail.com','http://graph.facebook.com/594718203/picture?type=large',NULL,'2','gabrielfernandespinto','2012-09-03 02:16:40'),(596957773,'Raphael Bacon Santiago','AAAG71EvrOZCUBAIHexjxsC7NEjAZArgr0B4hlyElLzzth6GqrZBFZCK2e2ipS4zmgQWPaac3uPbmIW4N3act2Xpoq0LxIF51kWNKjZAcUhgZDZD','raphasan@gmail.com','http://graph.facebook.com/596957773/picture?type=large','2012-09-04','1','baconbh8','2012-09-05 01:23:47'),(613357301,'Marcello De Campos Cardoso','AAAG71EvrOZCUBAOqEVpXeK9ZBWLs8M4N4PDZAtCkr1CAWN3JnWst54s7AgnVz1ZAKPdvIkbEEG8kqYOOzSP7juf0cCmPEv0H1YiuZBr8yGQZDZD','mcardoso@gmail.com','http://graph.facebook.com/613357301/picture?type=large',NULL,'2','marcello.cardoso','2012-09-02 06:08:08'),(613828046,'Eduardo Fiorezi','AAAG71EvrOZCUBAN8cQRQ8EgMUL1A6E1rrOPc9ycjUU19EPUYE48wRrzMpZCuZCjIYLadaVQhGTHgWx9RnG6VCduv1T2xEYkgdzzzbJZANAZDZD','eduardofiorezi@gmail.com','http://graph.facebook.com/613828046/picture?type=large','2015-02-22','1','eduardofiorezi','2012-09-05 22:03:32'),(616304836,'Fabio Akita','AAAG71EvrOZCUBADWZBIuVlm4xOIZBlkAyF7E3WeRe3cwFGooHKEVm3oNLAwLiLCn80Fttple2FvqmE7I5BZAE31Ui41IjJxV4sZBjyN58JAZDZD','boss@akitaonrails.com','http://graph.facebook.com/616304836/picture?type=large',NULL,'2','akitaonrails','2012-09-03 15:05:48'),(620377218,'Alusio Azevedo','AAAG71EvrOZCUBAHXzZBn2pFykWOAJUGjrsrTdhXjne9ZCyP4eeAm1aZCKUp67V4WGPJ2vvnU2YCp4PKkNcgcEfVZBmdb2xZAkUEfb2KjJzygZDZD','aluisio.me@gmail.com','http://graph.facebook.com/620377218/picture?type=large','2012-09-13','1','aluisioazevedo','2012-09-04 01:30:44'),(672213257,'Mell Liddell','AAAG71EvrOZCUBAFu6Ot7lEATenhiUrEea4pXyXz3deb54HPGYC1KptqFRX0gKuVOGZC9fvZBXIThVXNdVZCwUZC0WDzRzpXpufiX1JdtAUAZDZD','daemonae@gmail.com','http://graph.facebook.com/672213257/picture?type=large','2012-09-12','1','mell.liddell','2012-09-03 00:56:37'),(674887804,'Daniel Blumenthal','AAAG71EvrOZCUBAFZCe69sdWsqe0IE8AikVIf1qwHutMhz5uv3h3S566bcOCWVOLNx8XOw9KeHbkvzGoMT4IZAtllFFE711Ldpy3Ti1i1AZDZD','web@blumenthal.com.br','http://graph.facebook.com/674887804/picture?type=large','2014-04-25','1','danielblumenthal','2012-09-02 16:59:36'),(681658821,'Vitor Oliveira','AAAG71EvrOZCUBAD3CGKUbWDDpvn9N3E2qOLk4tN46WJCJVR7tJnPPa1wmcDxZCjRTsUdNHPDmCNTf8s3DCIYPpXP9Q4tk0xcBr7bFeZCQZDZD','vitormil@gmail.com','http://graph.facebook.com/681658821/picture?type=large',NULL,'2','vitormil','2012-09-06 01:26:13'),(682489009,'Samuel Simes','AAAG71EvrOZCUBAGVm9CItedtFKNlb1ujogwZBK55UgtG13UbZAtq4h70mPkvFh746XMhFFTrbBgeZBpJtGRz2RtfXEMprjwGQNbNJZAfBSQZDZD','slip.cm@gmail.com','http://graph.facebook.com/682489009/picture?type=large','2012-09-10','1','simo.samuel','2012-09-02 12:04:50'),(701781985,'Cristiano Santos','AAAG71EvrOZCUBAOa0WqyeSFmNYgvQLIXvb59BQ49JmTuoRRNaoSxpBXwCOMmTNndo9ubZA1BN4xOx9LFSXk3FWx4khKQZB2ZBTDXv3dBQwZDZD','cristianoweb.net@gmail.com','http://graph.facebook.com/701781985/picture?type=large',NULL,'2','cristianoweb','2012-09-03 00:19:20'),(703752993,'Matheus Bras Quaresma','AAAG71EvrOZCUBAAJcdnVsy07ZBbO4Q1jgFhOmdNGrifrUDLeaDDosHuqydt8ZAlA7BPZA8JE8ZAyopdKVxkimiP9AHMZBXUqZBnxiaIkfE8ugZDZD','bras.matheus@gmail.com','http://graph.facebook.com/703752993/picture?type=large','2012-09-06','1','matheusbras','2012-09-04 17:41:01'),(710637824,'Flvio Silva de Oliveira','AAAG71EvrOZCUBAIWWm7iE1syHcFXDP9ICzpA0uF0uy7jyD17ZAbwfxAkfImW0UlIZAEV6bAz6u1gAZBfcb5hraay8UU9kRGWO3OyEU5MTQZDZD','flaviosil@gmail.com','http://graph.facebook.com/710637824/picture?type=large','2012-12-02','1','flaviosil','2012-09-03 19:13:46'),(727328075,'Andr Cytryn','AAAG71EvrOZCUBAPHAjY0y7knI3XW3y7ThaDT70ZC22ZC0xcytp4b9i4DnfqiRthvTCi84Ix9ZCuXiIjpShWInt1AQ17jLkdCHrQfSKXsqAZDZD','kinhow.cyt@gmail.com','http://graph.facebook.com/727328075/picture?type=large','2012-12-01','1','acytryn','2012-09-03 00:55:26'),(729965581,'Felipe Saraiva','AAAG71EvrOZCUBANZBUCeZBhP3FJQupPZCmXJa3FoLGXtaA1iXvZA12Y7lEz6OvZCAbJxSYiJZCNCv2q1z4ADIDVvlwqwyBEaxIMFTodcdZCBwAZDZD','felipesaraiva87@gmail.com','http://graph.facebook.com/729965581/picture?type=large','2012-09-26','1','felipesaraiva87','2012-09-06 17:24:11'),(750580364,'Pedro Nascimento','AAAG71EvrOZCUBACACQv4ZA1rvoJ01aDpuMMNQyDYMXCvUxKENulxS7zGt7FlJPcDDKvwGw1ZBFszOsSQt058dKqfxI7ry93ThctzZA997wZDZD','pnascimento@gmail.com','http://graph.facebook.com/750580364/picture?type=large',NULL,'2','Lunks','2012-09-05 00:43:11'),(769194506,'Sam Vignoli','AAAG71EvrOZCUBAG3m3IVnH4skK0v4ZBifTObJDpdAW6lAxZC2KDdLZAOJlPFWXZCLtV4qWoHqka4LXoFamkf8oERzkJb7ZBOZB5sOlPjXUgbQZDZD','samuel.vignoli@gmail.com','http://graph.facebook.com/769194506/picture?type=large','2678-03-24','1','samvignoli','2012-09-01 22:57:42'),(773429052,'Marcelo FQ','AAAG71EvrOZCUBAGX46f3GPCEIXe2TfXkqSBWZBUrStVN9jQCR8uGJ6B6mjd0bZCvfTKkSBAKQoZCzCjGdzPHzwsLXPQ3JwguMYONqKHaMAZDZD','chinesio84@gmail.com','http://graph.facebook.com/773429052/picture?type=large',NULL,'2','marcelo.fq','2012-09-05 22:13:30'),(1007156341,'Bruno Eustquio','AAAG71EvrOZCUBAKKbjjZBtQZBldZB9eEiUQIcrzaFaZCBZBmFXlZClaIGdK8ZCrDekzDMWAqH56xVWFAyieWnQdGIWDsHixb5wmhECfRZCltvowZDZD','brunoefa@gmail.com','http://graph.facebook.com/1007156341/picture?type=large',NULL,'2','brunoefa','2012-09-07 16:20:50'),(1029458857,'Lucas Sanchez','AAAG71EvrOZCUBAAKkzULhMuE4cEV467mOqR3ZAV2MSvqcIHor8qTOeqKY6DglM5PMqUYtUtmykA2SfhesXEg5K95Mkhy0PkT4gZBvVZCOQZDZD','olucassanchez@gmail.com','http://graph.facebook.com/1029458857/picture?type=large','2012-09-03','1','olucassanchez','2012-09-03 01:33:42'),(1029905490,'Diego Chavo','AAAG71EvrOZCUBAJi2TZBjm3QZBoWHdwMxuNzZAMxRC0dqpOJdhqnZAWONHtnEbbkkBv9ENd8OQ8P2iSgp0BPgZCnypq1gXn7OJ54UWf87mZCQZDZD','diegochavao@gmail.com','http://graph.facebook.com/1029905490/picture?type=large','2012-11-01','1','diegochavao','2012-09-02 20:17:44'),(1058617938,'Hely Lopes','AAAG71EvrOZCUBAPDZAWZABuqa8iiJTZA4LWgUlHZCfvhwEfNlDhhoECaZAPAJYb2rZCEaXQRxn4oPzXqagZCRdpEOJJMPtE8s2LgPozCzm7ZCZBQZDZD','helylopes@gmail.com','http://graph.facebook.com/1058617938/picture?type=large','2012-10-05','1','helylopes','2012-09-05 23:03:17'),(1064679737,'Tiago Gerken','AAAG71EvrOZCUBAD7aoK1PSgkFlgmOW2UZBZAZAEOI0TjpZBKaPkImCgDmogrqEZABxCA7aKmv5cxBRqYwTY7TJoL824ZCZCX5b3I3v108hExhAZDZD','tiago.gerken@gmail.com','http://graph.facebook.com/1064679737/picture?type=large','2012-10-05','1','tiagogerken','2012-09-05 22:20:25'),(1066654634,'Vinicius Coimbra','AAAG71EvrOZCUBAGCeZAoFyeTu8sgpbEUp9mlhy7xBIML8V4tInIB1YmbuW6BnCSYfK0pZCL6CAZB66GsDSEERWTrltBQM4DV1gieAm0S6wZDZD','viniciuscoimbra@gmail.com','http://graph.facebook.com/1066654634/picture?type=large','2013-05-03','1','viniciuscoimbra88','2012-09-01 22:07:25'),(1089638001,'Clio Silva','AAAG71EvrOZCUBADuTBVctojj1ZAMkuhbZCO6WNyUc98Y9vK9SkVtH02JIaJs5CIxeuesqajhm9dan1FNHNgx8DquxEQuQyZCNX5vCU6ZADgZDZD','celio.silva@studiosol.com.br','http://graph.facebook.com/1089638001/picture?type=large','2012-09-03','1','celio.silva','2012-09-02 23:10:30'),(1098037996,'Cludio Vasconcelos','AAAG71EvrOZCUBAGYr0OTBbEmJbHuaaFIyfXgsCYACTtmj0Su4tpnga0OGOFJCd365XWliMZACvJ1kmeu29sd1c4iLRfYZB04VHsWWu7ZAwZDZD','caitif@gmail.com','http://graph.facebook.com/1098037996/picture?type=large',NULL,'2','claudio.caitif','2012-09-03 01:55:17'),(1121757750,'Antnio Carlos Amaral','AAAG71EvrOZCUBAObuynjGs9tHMIM4nbLZCPgFd1ZCIhvO1T88R4VQZBEH6N9A0hwbY0dbGPtTDQaOZCC6LK3OKi8Kcrus7hgXBniueZB1CAQZDZD','tazoamaral@ig.com.br','http://graph.facebook.com/1121757750/picture?type=large','2012-10-02','1','tazoamaral','2012-09-03 02:01:09'),(1129266856,'Cezar Souza','AAAG71EvrOZCUBAO4pUKwHzbktmKidaVpT0kbEn9H66CIVf1l4FkDEbdJyePmcx0tt1XbGijuAebZApVJZAVoKt4R5HujLzFrsQURmJgEgZDZD','cezarsouza200@gmail.com','http://graph.facebook.com/1129266856/picture?type=large',NULL,'2','cezar.augusto.souza','2012-09-04 12:36:56'),(1144973521,'Lus Gustavo Pessoa Sales','AAAG71EvrOZCUBAHiIG7XJ8ZCAAHX6ZA150GHiBqa6R2BNkJsKUXSXEulZANKzsEkFwqSMFlZBd3sfEsek4zQ6bPK7uelBNJw4TQA43vMlfwZDZD','vatsu21@gmail.com','http://graph.facebook.com/1144973521/picture?type=large','2012-09-26','1','gustavo.pessoa.sales','2012-09-01 21:39:08'),(1159747726,'Thiago David','AAAG71EvrOZCUBAODEwtqHT40quKeg3BFWhNYZAJffdYjI8aMX5V1ifO7JaBjrbLmM4moVbd80lqUbrvntYxlsxKa1riFhWDChBwRCSrAZDZD','thiago.david@outlook.com','http://graph.facebook.com/1159747726/picture?type=large',NULL,'2','nerdbones','2012-09-02 01:50:20'),(1180228070,'Bruno Souza','AAAG71EvrOZCUBAA06mN4YRldeUE7Gpt7JncHrw3Vi58jwH4oRgT80KdFSMTI8RiBoZBrPXkioX5Hx1XMQSJezIyTVYWorxPeDKXBPKBwZDZD','241103@gmail.com','http://graph.facebook.com/1180228070/picture?type=large',NULL,'2','brunomvsouza','2012-09-01 22:10:07'),(1182472893,'Tereza Barros','AAAG71EvrOZCUBAFkZCkSKDihjDZC24rGzqZBwuOf89g8r9KD79E5HU3b0mk1ERlK4FzSU7p3cJV5ZBhcZC0eKOuCKIEcGlnfIuH0uZBDo5ZB5gZDZD','tete_jujuba@hotmail.com','http://graph.facebook.com/1182472893/picture?type=large',NULL,'2','terezilda','2012-09-04 01:12:26'),(1184172873,'Ccero Verneck Corra Corra','AAAG71EvrOZCUBAOzb8KRT8v0ENkAjPSHdFRGif645IvX9qCGz7SMstfNKlg1ZBtsNohbQ6vYn16MEUV4TpFmdUGGLIFcCGgZBUZBR67L8AZDZD','cicerocomp@gmail.com','http://graph.facebook.com/1184172873/picture?type=large','2012-09-23','2','cicerocomp','2012-09-03 00:18:50'),(1184859626,'Milton Filho','AAAG71EvrOZCUBAO6Vta01xalF3uTehZBhbrjoSu4sXdn5T5wlZApij16Jl8oa4NkpnQJSAfC4k3JRbTOAf8LyqIZAYDT46sEoBOOh84qbgZDZD','milton.filho@msn.com','http://graph.facebook.com/1184859626/picture?type=large','2012-10-06','1','milton.c.filho','2012-09-06 16:20:08'),(1322680887,'Luan Ricardo Dos Santos','AAAG71EvrOZCUBABKnaoZA2tOZAUAPkdPC7L6VMzdToNJZBshPYT1nge4hA7SlEEDf8qhyys5ses1lCkVZCFfdYjhyxPlZB0wSxDWZCQ1QPBAwZDZD','cfcluan@gmail.com','http://graph.facebook.com/1322680887/picture?type=large','2012-09-24','1','cfcluan','2012-09-02 05:20:40'),(1327651586,'Irio Musskopf','AAAG71EvrOZCUBADzBsksfUH0deUUJ067BvEgoeXxS1Rmtt1ZAXiMCEivshro35cZC7kbq96ZAu0JrksWVBMUzNy9K4LqQaJ6hxVtWnuNbwZDZD','iirineu@gmail.com','http://graph.facebook.com/1327651586/picture?type=large',NULL,'2','iriomk','2012-09-01 23:59:22'),(1345831634,'Pedro Chaves','AAAG71EvrOZCUBADm7vVj83TkRjenIZBFbFoIAw8nSQynXJ5g3ZAdFye1BqshmM3l8ZARp6KZAaLIOeO2v3sn8GJzuuUlXutrxh2qPfsXK6QZDZD','pcohc3m@gmail.com','http://graph.facebook.com/1345831634/picture?type=large','2012-09-03','1','pedro.chaves3','2012-09-02 14:28:13'),(1349928925,'Victor Hugo','AAAG71EvrOZCUBAHeI8paTZCp4pIEg56t0nakYTDJZBPrgEzqluUZBAZB6ATIG2X1vPh0RhisLCTQ3lfPTOo8ZACN2KdW0EL0UCVR1PjFZAOIgZDZD','vitalbh@gmail.com','http://graph.facebook.com/1349928925/picture?type=large','2012-10-01','2','vitalbh','2012-09-01 20:29:50'),(1358191169,'Rodrigo Marchena Meira','AAAG71EvrOZCUBAMK3gHPcalZBOjyZCaboHfAXmOvtyWZAZBoasXDVMikJPDUO7rNdZCPx6kf6NNZBNX5zgwUTayxg0fxdoqHeUvWY50CegYRQZDZD','rodrigomarchenameira@gmail.com','http://graph.facebook.com/1358191169/picture?type=large',NULL,'2','marchenarodrigo','2012-09-02 07:43:23'),(1395066744,'Jennifer Veloso','AAAG71EvrOZCUBAOSHIjaYGMiKfrTxtAw17kF9Ex6FUs6bQdY5QVZA2sjknuLPmbRmMPqa1CjxRbZALr28WAc8cVWMlRZBlxdSxUJg10ZAuAZDZD','jenni.veloso@gmail.com','http://graph.facebook.com/1395066744/picture?type=large','2013-01-31','1','jenni.veloso','2012-09-03 20:24:11'),(1406094412,'Thiago Cifani','AAAG71EvrOZCUBABZAfsXnDx5q2SnZCdzCcv01YZBZA2yHkb8zP7bXipV4m8q491B5uZBIvOainpkjBV0eF6JAikI1EEPuuKnTtgN8VTq5xWgZDZD','cifani.thiago@gmail.com','http://graph.facebook.com/1406094412/picture?type=large',NULL,'2','thiago.cifani','2012-09-02 07:15:55'),(1446507541,'Cristiano Madeira','AAAG71EvrOZCUBAMCe3l7q0U1j9AohHoQi9Owhrhz3sERCA6CkUCG2ZAkgAzkLqycXNUTITy8ZCOjb8N8ZAVXZCvKuZBgTbK4mwBMCTYQi7QQZDZD','cristianomad@gmail.com','http://graph.facebook.com/1446507541/picture?type=large','2012-10-01','1','cristianoam','2012-09-01 20:44:48'),(1450471522,'Juliana Araujo','AAAG71EvrOZCUBAEfruQTq8LGBOWmR0ZCZAYhOCUO5ZB8ZBWMjC1ZBioJHVazRSTXabFEkmymJEK2HyeoFHrfeZCS498b9yn8X6yM9S60BT2kwZDZD','juzinhaaraujo@gmail.com','http://graph.facebook.com/1450471522/picture?type=large',NULL,'2','juliana.araujo','2012-09-02 23:24:42'),(1483466867,'Leandro Da Silva Thimteo','AAAG71EvrOZCUBAFTv4QEIUNu78FuFguDvX8Xt3FZAeQZCw6LGB3BAeViFtCZCrVZBscBz38N3GAPigyLZCUHzPkRbD3BZC6zqoI2vAGam3cKAZDZD','leandro.s.thimoteo@gmail.com','http://graph.facebook.com/1483466867/picture?type=large','2012-09-19','1','leandro.s.thimoteo','2012-09-18 15:42:25'),(1547760697,'Patrick Naufel','AAAG71EvrOZCUBAK8rv01IHbV3UPp9nvBAiZCTsz7sgg6ZAEI8ZCtK7ynDK44YAnZBfUE2QZAnpOljazuwm2jHYLh7RmZBBaxlqfByakjm9zEgZDZD','patricknaufel@hotmail.com','http://graph.facebook.com/1547760697/picture?type=large','2013-05-10','1','patricknaufel','2012-09-02 15:50:59'),(1552759944,'Izabela Bittencourt','AAAG71EvrOZCUBAAN13JUFkjyoA9KjG4pxQSIqNJe2WraRUZCChdUhZCBOzZBdYxyBilmXHEsgeTYKexUYXZCBwamKm2IJLR9aZAnO1kXhzUQZDZD','belabittencourt@gmail.com','http://graph.facebook.com/1552759944/picture?type=large','2012-10-02','1','izabela.bittencourt','2012-09-02 23:20:03'),(1561763359,'Andrea Martins','AAAG71EvrOZCUBAMZAj9JZBDIyKygmtkTgxfECwo319v0vnQH6uTjmuOWYfofnZBjA8UnhSrpPYW4Buuh1QYhkWZCnrI26sqKcVMMT8gqGlwZDZD','deia_martinsl@hotmail.com','http://graph.facebook.com/1561763359/picture?type=large','2012-09-01','1','andreamartins.l','2012-09-02 02:10:28'),(1570732973,'Josemar Davi Luedke','AAAG71EvrOZCUBAJEK9KVVmVjsl305ZAEpgQwkk8ucS29QZAw4tTjZCUZBn6hVns22J5ZBzzb49zPh5gEYXW4wR3wiZC8AhNcttp1DevkTXSrwZDZD','josemarluedke@gmail.com','http://graph.facebook.com/1570732973/picture?type=large','2012-09-12','1','josemar.luedke','2012-09-02 11:38:05'),(1573646246,'Felipe Benites Cabral','AAAG71EvrOZCUBAC6MeXMKCZBt5XEKLU9xrfRZA36P7VCSBiuCvRZAIMBAPwekKyohVoUHYYOqSQWVWd6f3yJZAvV8PZBpV83Ls6T4rOf8N7AZDZD','felipe.benites@gmail.com','http://graph.facebook.com/1573646246/picture?type=large','2012-09-14','1','cap.cabral','2012-09-04 12:42:28'),(1582719862,'Danilo Siqueira','AAAG71EvrOZCUBAPr0O8GroENX85y0PMy5X0FJlZCLJ2mS0enjxQjSiUZAYkdZARRBH0qQywxTWT70KBmo8mnEanFSdLqmRZANWWsXfh12GQZDZD','dan.csiqueira@gmail.com','http://graph.facebook.com/1582719862/picture?type=large','2012-09-11','1','dan.csiqueira','2012-09-06 17:27:16'),(1614334792,'Italo Veloso','AAAG71EvrOZCUBANYZAuYVIZAfpBcQQdIperYtZC9fBBXvi8CtKNu7uzZAtOacYArf590WToEZBZB3dpTc2vZBCahlZAHOQ94c5HeYpgLZCAiLwHgZDZD','italoplus@gmail.com','http://graph.facebook.com/1614334792/picture?type=large',NULL,'2','italoveloso','2012-09-06 02:16:55'),(1681442949,'Rogerio Medeiros','AAAG71EvrOZCUBAK8ZAXnquUjZC8evPEwq99S4kiH3at68CNX4bvrA4AnVnxpDVoj7nSoQnpdENZCgNkv2HZB0PaRQlAQEBgkBJifZClupk0QZDZD','argerim@hotmail.com','http://graph.facebook.com/1681442949/picture?type=large',NULL,'2','rogerio.medeiros.14','2012-09-01 23:57:32'),(1700922992,'Wallace Roque','AAAG71EvrOZCUBAGAY3TRnOeklrj1uKUEpxe8XC2dk2BfjrZAjc9kBSH1KuRcrzTGA1RvzbmjJlCsJxYwfQUzzQVtIHWeXmnfZAxjDV5YAZDZD','wallacerock@gmail.com','http://graph.facebook.com/1700922992/picture?type=large',NULL,'2','roque.wallace','2012-09-02 00:45:21'),(1705340857,'Joo Paulo Lethier','AAAG71EvrOZCUBAJxpXzmO5Jl9yDOuBslHNAmNHUApfd9LONkmXMwKFBZBu5137BjlylxatcB9TnjlRIBrqIf3baJPTYKhRAWaKKU2xRgZDZD','joaopaulolethier@hotmail.com','http://graph.facebook.com/1705340857/picture?type=large',NULL,'2','jplethier','2012-09-02 13:55:04'),(1741192773,'Daniel Martins','AAAG71EvrOZCUBAPcvKSjUSaZCP67yJav0mFbYDTkIJodguOgZAri6CpZB24DDg16vDRoYP7miE6NZAoLqHilFGFz82Cz6ccElMOJKTXZB0wgZDZD','danielmarty@pop.com.br','http://graph.facebook.com/1741192773/picture?type=large','2012-12-13','2','daniel.martins.735507','2012-09-15 00:43:30'),(1741221196,'Ricardo Ishida','AAAG71EvrOZCUBAHwZA91ZB9gKY7DGDiTiKoyxtx9y8OTDrSZByvy8CVtU85CLjGQZCuUlOuHNDpwmPjPZCZAGslwYKPHQ1jRFQPjQrZBJBlkzwZDZD','ricardo_ishida@hotmail.com','http://graph.facebook.com/1741221196/picture?type=large',NULL,'2','ishida.ricardo','2012-09-03 01:47:21'),(1745432467,'Kaio Valente','AAAG71EvrOZCUBAEGiOT7Yq00SEO8W6n9xqSJIIovcY26kzmFQsIhfmbUZAYLuIkB8L43ZCH1WTdz3nqExVm40rhYZBVAp1HKYj6mVq1SjwZDZD','ksmvalente@hotmail.com','http://graph.facebook.com/1745432467/picture?type=large',NULL,'2','kaio.valente.10','2012-09-09 18:58:14'),(1747015031,'Diego Carmona','AAAG71EvrOZCUBALzUdHSGvO4bqYEs8Wbl6HAHW2OaZBDYApo9u7aVNaxssegIzdSZACPsbSKoRV29HSZBS0irLiexAxZCEYeKVYhmF3ZCKMQZDZD','dcarmona@gmail.com','http://graph.facebook.com/1747015031/picture?type=large',NULL,'2','sujorocks','2012-09-03 15:18:19'),(1781028232,'Michael Conegundes','AAAG71EvrOZCUBAHJkgOcLhqbxhCkEgizu2I1VK4iKeOuRvmJzsYyatZAEiiL9OTcXMEWKnAOEZCZCzRtQ2fTvpqN7UdixGpgPWDTdFkrBgZDZD','michael@bmweb.com.br','http://graph.facebook.com/1781028232/picture?type=large',NULL,'2','michael.conegundes','2012-09-04 17:44:54'),(1792072800,'Raphael William Costa','AAAG71EvrOZCUBANK1AX3qZBZBrJgm3ZCWE821S9gErtRGTNvODeuDY7SgaN21wklVQSzdQTz8tpYj5DnqNZAu04NfpWcj1fQEmGechXuyFwZDZD','raphael.costa@me.com','http://graph.facebook.com/1792072800/picture?type=large','2012-09-11','1','raphaelwcosta','2012-09-02 02:08:00'),(1807008889,'Frederico Martins','AAAG71EvrOZCUBAJVPpYwOFxZCxsqBpBTyGGrXN1whG0GW3P9AQrqCbwN5ugZCBs0Uptg2GvFHKTamx7Af43EhtOlEJMdLGHZCotJmMd2CwZDZD','martinsporto@gmail.com','http://graph.facebook.com/1807008889/picture?type=large','2012-09-22','1','martinsporto','2012-09-02 18:39:28'),(1810156935,'Glauber Prado','AAAG71EvrOZCUBAKpTi4RaZB8BIfT4jwVjtcWPe6k8qv7ZArfrrBzAq1S5bBwDHcHFASqALqz72jOlc7XBDsphvqQD1ywamGAFnh8o8IHgZDZD','smade4@gmail.com','http://graph.facebook.com/1810156935/picture?type=large',NULL,'2','greboide','2012-09-02 18:52:07'),(100000044472873,'Lucas Franco','AAAG71EvrOZCUBAHztV8dEDNWjZBqtGuGuN0YDb4ZBuwFZCpPptksGGuOxwnppCiz6xbECZCZC6W9RfGn2QgV6W5UHEI3EtCkGwF3mJqfqkiwZDZD','lucas@lucasfranco.com.br','http://graph.facebook.com/100000044472873/picture?type=large',NULL,'2','lucasfalmeida','2012-09-02 15:09:02'),(100000174406333,'Eduardo Castro','AAAG71EvrOZCUBANTl90NerXSrMY4C3whO5xs9P6ocjwBJTPCPFrMJtc2h8CvZC6okvSuxQPIiMjFM1xUra7hhyxfv0dsp09huZCK7SP0AZDZD','eduardocastro91@gmail.com','http://graph.facebook.com/100000174406333/picture?type=large',NULL,'2','eduardocastro91','2012-09-01 23:39:13'),(100000174555723,'Rodolfo Pereira','AAAG71EvrOZCUBADkXCa3nPeARl5dIw25UzaGMEiubGwC82QcjOJnmYR9NZAmsZCYqJzZBDDpqg1MKeySfhYGvtht0oRnj5LtgdKYLko71AZDZD','phinpho@gmail.com','http://graph.facebook.com/100000174555723/picture?type=large','2012-09-07','3','ophinpho','2012-09-02 21:23:26'),(100000181779412,'Stanley Sathler','AAAG71EvrOZCUBACeujA7ViSq8MQmSYsv0eHrVbsil9Nv56FCEZAMIDz4eH1A9ZAxFpOhS6w2mqyTNIkfqmcyBQ35x9Oe146jCGE6MNiKgZDZD','stanley_sathler@hotmail.com','http://graph.facebook.com/100000181779412/picture?type=large','2012-11-23','1','StanleySathler','2012-09-04 21:32:20'),(100000188947592,'Srgio Schnorr Jnior','AAAG71EvrOZCUBAHc3ZBuDlFd6O57SuoKdWFHbkJNlt1ZCHbBNbikarZBUcaJDjN71uG3L68gp32H8p6alIfwhSS6gsfMMAu4yQXshItTEwZDZD','jr.schnorr@gmail.com','http://graph.facebook.com/100000188947592/picture?type=large','2012-11-01','1','sergio.schnorrjunior','2012-09-03 01:26:18'),(100000270898843,'Maurcio Vargas','AAAG71EvrOZCUBALiKZBVh9HtZCAU1qvbk3ySQJ5J6erJUxcUqt1hoaRgHmp1ZASi66tMBhKYvDVla1ZC8D1pLUKfoeTAZAgzieIGlSdodUrgZDZD','mauriciovargas01@hotmail.com','http://graph.facebook.com/100000270898843/picture?type=large','2012-09-17','1','mauricio.vargas.587','2012-09-02 19:16:05'),(100000308251457,'Caio Cardoso Correa','AAAG71EvrOZCUBAGstcqnieZCAwTyjYLiJrmVevnH2FGKWJ7oql7Q09Lu0vDgWyr26c9FP1SvUzZAefpAvAPswmG71B8dKcksZBaAjOmevAZDZD','eng.caio2c@gmail.com','http://graph.facebook.com/100000308251457/picture?type=large','2012-11-01','1','caio2c','2012-09-02 23:30:34'),(100000320978235,'Bruno Alvares da Costa','AAAG71EvrOZCUBAFxWflVvWY4NI09YjPxjFWe8jhLRue7lpFK6Un4dcPIUm8i2fF5D1INlYR2W06PZBDsE38BP96PaMKCjZAHtDfX0zSvQZDZD','brunoadacosta@gmail.com','http://graph.facebook.com/100000320978235/picture?type=large','2012-11-04','1','bruno.alvaresdacosta','2012-09-05 23:02:10'),(100000357711280,'Rocco Musisoulist','AAAG71EvrOZCUBACENbMVdfDjtm4KxqrxBBHmeZARKBhz7WGhctyIgN25LGMiL3SMtdeUNRuWpkskAln8IFpK0izq1MjueB6vUQaRuYHwZDZD','herculanoweb@gmail.com','http://graph.facebook.com/100000357711280/picture?type=large','2012-09-20','2','rocco.musisoulist','2012-09-06 17:44:08'),(100000390392256,'Robson Mendona','AAAG71EvrOZCUBALyMayKFyCLUB3rj7EdTahF0daCsKA1qXbZAFr5E13Ldhq9FVf4xfnpSZAUuZC6ttPGbMELuEqLv4c9ARcx95ZALYOdPnQZDZD','robsonmwoc@gmail.com','http://graph.facebook.com/100000390392256/picture?type=large',NULL,'2','robsonmwoc','2012-09-03 15:59:30'),(100000414830877,'Paulo Patto Rocha Santos','AAAG71EvrOZCUBAHZBOWSGTqxi2vfjP6Iczvc5PJy3RaNF5FxxZALrl1sqEqs4UQUKTR37hBbjCwKNmoZBVfKMIdwANnJ6MPURKCmd7ZCZCZCgZDZD','paulopatto@gmail.com','http://graph.facebook.com/100000414830877/picture?type=large',NULL,'2','paulopatto','2012-09-02 18:01:09'),(100000514759428,'Bruno Barcelos','AAAG71EvrOZCUBAMCEgYcGrvuAk3EBCG28KAEBtL0TPH2xN7iFgMWcLeZCkNnQJROF8fgkvMWEr4X0eXuXfZCzqiUT1pPNhmAHnRSgYD9gZDZD','brunobarcelosm@gmail.com','http://graph.facebook.com/100000514759428/picture?type=large','2012-09-08','1','brunobarcelosm','2012-09-08 18:55:50'),(100000531973429,'Alexandre Lavarini','AAAG71EvrOZCUBAGULvdYBRFgLcaYxDtfUCMaDZAxhydMmjrs89BW9rV65W5zZCsn3kQk7fTiuh492Ov4QcAsXm2jFtuEAWcFL3idDQJZCQZDZD','xandelavarini@hotmail.com','http://graph.facebook.com/100000531973429/picture?type=large',NULL,'2','xandelavarini','2012-09-02 06:05:08'),(100000637301295,'Hugo Roque','AAAG71EvrOZCUBAMr5iRABWBZBU0fTBuNg52DZADzuZCCgEpSDCZAbCRHJJPCTuE2r0eflpcmteB3BCAkUwQYc3bpcLkqEj6uYtOTbEljrXwZDZD','hugolnx@gmail.com','http://graph.facebook.com/100000637301295/picture?type=large','2012-09-12','1','hugolnx','2012-09-02 18:03:33'),(100000723925899,'Fabricio Bedeschi','AAAG71EvrOZCUBAKWZBPGAF1p8LaN5lpYtBZAJxmNLS1tceOs706nFz7pZAADunjYy5We0RGbOZCOoLkuTmlCP22E7XNCiZBZAPR7AhDbTXngAZDZD','fabriciobedeschi@gmail.com','http://graph.facebook.com/100000723925899/picture?type=large','2012-09-12','1','fabricio.bedeschi','2012-09-01 23:21:01'),(100000791287435,'Marcelus Fernandes','AAAG71EvrOZCUBALlzeQpef2woOjZAReOh4Dgj4ZBZCnAnZCn0Pn17S2KPptQe8HMYy3ZArUPxBYtkEeIlput57MrGgIDZCVtXDOcZAFgbSY4eQZDZD','mxrcelus@gmail.com','http://graph.facebook.com/100000791287435/picture?type=large',NULL,'2','marcelus.fernandes','2012-09-04 02:10:43'),(100000792589811,'Diogo Corra','AAAG71EvrOZCUBAE8pTHOTOKBnOG7KNQCqdXKTerMbXcPDucVLz7ZBvvNltXMU30aOkGULSvRWVHUBm80v5lIqjDfkdRn7zQ5ZCnrpybVwZDZD','diogodca@gmail.com','http://graph.facebook.com/100000792589811/picture?type=large','2012-10-01','2','diogodca','2012-09-01 21:19:27'),(100000807496408,'Mailon Torres','AAAG71EvrOZCUBACwlgnb5HInFbM6lQQwVMEGZCrZBZBTsUPu1Ek2QM6X9POLRrb3seFFbVYcv4BAzp4T3ZCc40blgFdDX361kC3ZBi7yYHygZDZD','mailontorres@gmail.com','http://graph.facebook.com/100000807496408/picture?type=large','2012-11-01','1','mailontorres','2012-09-02 19:57:49'),(100000858875121,'Renato Saito','AAAG71EvrOZCUBAIb42TefzB9eYH4hB4NxnK4706ZB5vjYjvCu4ocEcT5RfFK1SlpZABrWxLkt3sq7ycu5LAqIbC3ijzZCyo2kcdAyRGAEgZDZD','natoctx@gmail.com','http://graph.facebook.com/100000858875121/picture?type=large','2012-09-04','1','renato.saito','2012-09-04 02:02:44'),(100000924046118,'Vinicius Cavalcante Donato','AAAG71EvrOZCUBAKXwfbaHacjSOlvJHZBGnL66ujblmORiITOsUBLp2AzE0QAasQlAU2ZCkvz1BkX1aGMQiL4pY3ZCJAE38Wvi5ZC8FaKWTgZDZD','vinicaval@gmail.com','http://graph.facebook.com/100000924046118/picture?type=large','2012-10-06','1','vinicius.cavalcantedonato','2012-09-06 11:13:09'),(100001084916820,'Gustavo Pantuza','AAAG71EvrOZCUBAAnB7ZA86YFNTEuNKwrj6YJeZCvXs9TnoeZBofZCwqxKZAN8gJhPt5Ky4ZC3LXWEKJhGaZCqjdIEq0PqsfOeTQG56MZCEjZCWHAZDZD','gustavopantuza@gmail.com','http://graph.facebook.com/100001084916820/picture?type=large','2012-11-30','2','pantuza','2012-09-01 20:28:30'),(100001088627474,'Eduardo Maia','AAAG71EvrOZCUBAMcfXQhMtxzW65bEXItQggvJU3YiWwGNPaMslUvh5nRJxEplYpIm6Q3LjD6LxCsiczmSNMQqsopYsyBnJyNhkWglEAZDZD','eduvimaia@gmail.com','http://graph.facebook.com/100001088627474/picture?type=large','2012-10-06','3','emaiax','2012-09-06 16:47:45'),(100001102014877,'Diogo Martins','AAAG71EvrOZCUBAFBYIgVzQgSDZA5d3VSDJZCR9oerxOLZAOcklqaa9sbJqKyTWwuHsvoV2qsIZAuXmr53ZA5kfGf1O4LvRvustQ9iQaZBdiJQZDZD','diogocastromartins@hotmail.com','http://graph.facebook.com/100001102014877/picture?type=large','2012-09-12','1','DiogoCastroMartins','2012-09-05 18:23:52'),(100001254666647,'Rafael Lugli','AAAG71EvrOZCUBALvJ8BFBhxxzskptydv9oZAtRBAAXE6Sy3cenRFxKIlea0Fj4uJ6LySRxtgjB9gtyIB87FOjvCNWKalFnYT5ZAJqAerAZDZD','rafaellugli@hotmail.com','http://graph.facebook.com/100001254666647/picture?type=large','2012-11-20','1','ralugli','2012-09-01 21:02:58'),(100001298431316,'Rodolfo Lugli','AAAG71EvrOZCUBAArfa30HCF0IUFaRZCexlZACsimZCrBZCedNy3QIoQl6qmKdVYgv5WZBn4ZBZAMaX8ipvTxFdSb0YKAqGy8lEZCeAtu2K9BEwQZDZD','rodolfolugli@uol.com.br','http://graph.facebook.com/100001298431316/picture?type=large','2012-10-31','1','rodolfolugli','2012-09-01 21:04:27'),(100001302743477,'Anny Mayara\'','AAAG71EvrOZCUBAHfhsG7UTP1XsLUR2P3kV7gxAFvfcCm1P3hzkyjh2xKlu369c7j9UfUcEZAQOPDTZCLzKpvZAJyEkrG11ZBFVbirBDYz9QZDZD','annymayara.s@gmail.com','http://graph.facebook.com/100001302743477/picture?type=large',NULL,'2','annymayara','2012-09-02 11:36:06'),(100001323646758,'Dizo Gonalves Leo','AAAG71EvrOZCUBADbO4frbz8Bqkp4q4dsRhkCVUyowokH9UIuWx8TRzO3T5UlD8hU9yd62eCUucOMmJQwYP8uh6yBzA0eFiJJd0Bh6vQZDZD','dizaogoncalves@gmail.com','http://graph.facebook.com/100001323646758/picture?type=large','2012-10-06','3','dizao','2012-09-06 17:08:11'),(100001344234713,'Gabriela Quinto','AAAG71EvrOZCUBAPEbbQJkkET98LzaypHZCctA7SCJoH7zcBrDo8dJfGEmmYTWTzQiJUPKZA9wdZBF2PHhhK1fFjlGZBe5kG0FeRJZCbxSD8wZDZD','gabi.uni@gmail.com','http://graph.facebook.com/100001344234713/picture?type=large','2013-09-02','3','gabiquintao','2012-09-02 06:31:33'),(100001414791936,'Joo Marcelo Abreu','AAAG71EvrOZCUBAETWues4ZAl2ZBo0R0gbADW0yAvcTLZCzcLq7ILawbpOa2fJWFm0gVNvf2znhpDcwqt2CeO8MfvOfFYECWui8H6p6UH6wZDZD','jmc.abreu@gmail.com','http://graph.facebook.com/100001414791936/picture?type=large','2012-10-20','1','jmc.abreu','2012-09-06 00:56:02'),(100001421991452,'Gabriel Mateu\'s','AAAG71EvrOZCUBAErIpuuRQFvA2zz2lZBXAYgX8ZBB9AsUrhKd6aZBx1zTGXkZBSRUZAGkAZBRJskEWV16DaDMnZChZAZB2jEPu7bk5qjuxVaZCXbAZDZD','naive505@gmail.com','http://graph.facebook.com/100001421991452/picture?type=large',NULL,'2','gabrihellmateus','2012-09-07 01:09:29'),(100001449814694,'Luis Vasconcellos','AAAG71EvrOZCUBAAd4iutaIPvbmrjHdLag6CZAEG1LgCjym8s4MqrZBXAkDzQFpCZBZC4Ny8BCqeCg6uDpQ9sy0KQLNmZBadTabHPEofwQfVAZDZD','vasconcelloslf@gmail.com','http://graph.facebook.com/100001449814694/picture?type=large',NULL,'2','vasconcelloslf','2012-09-02 08:01:19'),(100001501538859,'Isabela Leles','AAAG71EvrOZCUBAI0F9AZAoTgRJJHUuFWzZBfQIrgXmXgOdL7ZCHBVRAf33QGZCDuyAMcpyHxvFs3VGkLZBTOVFpZBwOQ7cFUtLGiDL5yKkP2wZDZD','isa.lebarker@gmail.com','http://graph.facebook.com/100001501538859/picture?type=large',NULL,'2','isaleles','2012-09-02 20:00:17'),(100001510595433,'Erick Belfort','AAAG71EvrOZCUBAFUlRvKK1H4TwZCNZBIMtuVzavZCoFiHB53WwSC75Uz4ZCTuMcBp4uSpCvnlSpIPA0lWClCD5vZAGSfrW9ALZBqPDO0bZBBVQZDZD','erickcosmos@hotmail.com','http://graph.facebook.com/100001510595433/picture?type=large','2012-10-18','1','erickbelfy','2012-09-03 18:08:56'),(100001594029463,'Marcus S','AAAG71EvrOZCUBAJbXhSUc30kaVgq0UpzZC4nUKhTcp95ZBU8yHOVgDqzxZCXD503mjJd5QsBvygaOEkZCE2FC80GVvmP09vCBBMMIc9XtNgZDZD','marcus.m.sa@gmail.com','http://graph.facebook.com/100001594029463/picture?type=large',NULL,'2','marcus.m.sa','2012-09-05 23:25:07'),(100001609521872,'Luiz Pereira','AAAG71EvrOZCUBAF7IuZCvY6piPumEXkwf8bUlevn4e4ps4qKLs9OdNXVUqTkZBPZCTMd6NqVFySrKkPVSpD8v4XGLLZBDZAqvzoAzkpLO9vQZDZD','luiz@meritia.com.br','http://graph.facebook.com/100001609521872/picture?type=large',NULL,'2','luiz.pereira.9847','2012-09-05 13:38:19'),(100001666066968,'Marco Aurelio','AAAG71EvrOZCUBAL8WNeoY6Ruava24JFZBKk8yuiwXzNwrJMBiKuSmgUpGAiXmFhMcs5u7YqQZCJ00uF1gl5Y4QYB0xTVhmfdK9znDcHVgZDZD','aurelio-duarte@hotmail.com','http://graph.facebook.com/100001666066968/picture?type=large',NULL,'2','marco.aurelio.982845','2012-09-07 14:34:02'),(100001931396970,'Hudson Gomes','AAAG71EvrOZCUBAOJshnOrNqZCoOLMgKzJvzTXDNFsLBqb820oTFhWFRRM1azElDnpU9EZBuM0x04BkxnjUmwYhzSe2Suxx2ZABLmK9GHrgZDZD','hudson.sgomes@gmail.com','http://graph.facebook.com/100001931396970/picture?type=large',NULL,'2','hudson.gomes.984','2012-09-03 20:16:06'),(100001951647982,'Flavio Conselheiro','AAAG71EvrOZCUBAMSS2YjbM1lfNZBIrm1KVZCp5I7LhCpXTBnIb31QCe9acOh1ZCkudldi8eSZByqS2YOdZAXorRYO7HHKObkD6dqkEUHDJPAZDZD','cref.saopaulo@gmail.com','http://graph.facebook.com/100001951647982/picture?type=large','2012-10-10','1','flavio.conselheiro','2012-09-10 21:20:59'),(100002072321244,'Lucas Simes','AAAG71EvrOZCUBABSn0sa0JShq3bUSsc8IBHZCvrpGsESXTDZBhB4EoJANbCfgK2PmDKG3ZBzj3wPxd4YOJ4qipQMIQZBbatBV2GZBMepZApGwZDZD','lucas.simoess@gmail.com','http://graph.facebook.com/100002072321244/picture?type=large','2012-09-27','1','lucas.simoes.395','2012-09-03 01:46:16'),(100002132493670,'Jean Carlos Souza','AAAG71EvrOZCUBAKlFpz7TJRZCCZB6a9FFfTAvuQsmI1GivGHdYowLen5gZAMF4o8UxZB0NspNhDH8a56fUuB12iZBYZAOVT3aYn3J1RQAVPYAZDZD','jks20058@hotmail.com','http://graph.facebook.com/100002132493670/picture?type=large',NULL,'2','JayC.Souza','2012-09-03 23:26:17'),(100002231124403,'Thiago Vian','AAAG71EvrOZCUBAMMPGv6JKO8LfqbZCZBncgjRXGSWZBAWTWSiactA2C8pZAMZCgWk4wp2ZAhCfyMew9v38Ip2ESQZBkQ63195J6dkIJZCXmdgngZDZD','tvian86@gmail.com','http://graph.facebook.com/100002231124403/picture?type=large','2012-10-05','1','thiagovian','2012-09-01 20:58:11'),(100002429461739,'Anderson Figueiredo','AAAG71EvrOZCUBADxo5ZBdU0K8lHTlxDdUSYPZCQEA2RnYZCZAWdIpDk3aI8KCThKIsqy3sg2DpyyrWGiq8TIZAvzP97xPEqbgnivA8tGOLnQZDZD','andersonfcastro@gmail.com','http://graph.facebook.com/100002429461739/picture?type=large','2012-10-07','1','anderson.figueiredo.7792','2012-09-08 00:54:31'),(100002506592956,'Alexandre Gomes','AAAG71EvrOZCUBAN7gx8QrvqJCaEkNDmjwMcQldQVQgOwYZAgpZAkx5ZCXcIdizcLOP8ItPKlxHLeZCpC8l0MP3GH9YASRgNxZA9Cg9RPjVpgZDZD','alegomes@gmail.com','http://graph.facebook.com/100002506592956/picture?type=large','2012-11-03','1','oalegomes','2012-09-04 22:51:36'),(100002510819072,'Eduardo Schneiders','AAAG71EvrOZCUBAKVAVPaNS8n3OVj6lg7wZBsz1YGZCAklaZAqCkjePiiTWC1FqEBRXA5gnbtox5IgbB0iDSn3eHTpgwBN3dIkIW6BDNRHQZDZD','eduardo.m.schneiders@gmail.com','http://graph.facebook.com/100002510819072/picture?type=large','2012-10-01','1','eduardo.schneiders','2012-09-06 12:09:23'),(100002536310591,'Ivan Sowa','AAAG71EvrOZCUBAHmgTXnv6wCdjjmxdMFkMw1eozQp9ey5CYT763FsuUzJNNT5TDpIbFXtcrzO9vMo8sD0aeX7JB4cReqz42L2ZB1DlZAQZDZD','ivansowa@live.com','http://graph.facebook.com/100002536310591/picture?type=large',NULL,'2','ivan.sowa','2012-09-10 13:02:11'),(100002809131902,'Adriano Cosme','AAAG71EvrOZCUBAJo0lzoQsdmZCDLe7NnZCSDhwaZBVAlm135xvhf5AeX3zpkQrcKaukZBcBq9BJnebb624GvoipPWYROjSnqqZBZA8xzFIDFgZDZD','adrianocosmedeoliveira@gmail.com','http://graph.facebook.com/100002809131902/picture?type=large',NULL,'2','adriano.cosme.9','2012-09-02 11:25:37'),(100003075538366,'Guilherme Dutra','AAAG71EvrOZCUBANohyOEuOq6IMjK3wQh6ETezDiSA2FPYD0hVmTxZCILAGlVVu7B9iQmckxZBO8fMZCmWmGVum6QDqk5W3kXXYpjNWwZAvwZDZD','dutra_guilherme@hotmail.com','http://graph.facebook.com/100003075538366/picture?type=large',NULL,'2','guilherme.dutra.73594','2012-09-01 22:24:39');
/*!40000 ALTER TABLE `profiles_user` ENABLE KEYS */;
UNLOCK TABLES;

--
-- Table structure for table `profiles_user_friends`
--

DROP TABLE IF EXISTS `profiles_user_friends`;
/*!40101 SET @saved_cs_client     = @@character_set_client */;
/*!40101 SET character_set_client = utf8 */;
CREATE TABLE `profiles_user_friends` (
  `id` int(11) NOT NULL AUTO_INCREMENT,
  `from_user_id` bigint(20) NOT NULL,
  `to_user_id` bigint(20) NOT NULL,
  PRIMARY KEY (`id`),
  UNIQUE KEY `profiles_user_friends_from_user_id_57f23135eb1ebd68_uniq` (`from_user_id`,`to_user_id`),
  KEY `profiles_user_friends_8b4ff41f` (`from_user_id`),
  KEY `profiles_user_friends_ceab885c` (`to_user_id`),
  CONSTRAINT `from_user_id_refs_id_299efd9f3cf8d2f1` FOREIGN KEY (`from_user_id`) REFERENCES `profiles_user` (`id`),
  CONSTRAINT `to_user_id_refs_id_299efd9f3cf8d2f1` FOREIGN KEY (`to_user_id`) REFERENCES `profiles_user` (`id`)
) ENGINE=InnoDB AUTO_INCREMENT=833 DEFAULT CHARSET=latin1;
/*!40101 SET character_set_client = @saved_cs_client */;

--
-- Dumping data for table `profiles_user_friends`
--

LOCK TABLES `profiles_user_friends` WRITE;
/*!40000 ALTER TABLE `profiles_user_friends` DISABLE KEYS */;
INSERT INTO `profiles_user_friends` VALUES (824,508369209,1705340857),(826,508369209,100000791287435),(828,508369209,100001449814694),(830,508369209,100001931396970),(689,510537542,616304836),(417,523692808,613357301),(419,523692808,672213257),(421,523692808,1066654634),(423,523692808,1089638001),(458,523692808,1098037996),(427,523692808,1159747726),(429,523692808,1180228070),(652,523692808,1182472893),(431,523692808,1184172873),(433,523692808,1345831634),(435,523692808,1349928925),(437,523692808,1358191169),(439,523692808,1446507541),(441,523692808,100000044472873),(443,523692808,100000723925899),(445,523692808,100001084916820),(531,549761157,613357301),(533,549761157,769194506),(535,549761157,1098037996),(493,594718203,613357301),(552,594718203,710637824),(495,594718203,769194506),(724,594718203,1064679737),(497,594718203,1066654634),(499,594718203,1089638001),(501,594718203,1098037996),(505,594718203,1180228070),(507,594718203,1184172873),(509,594718203,1345831634),(511,594718203,1349928925),(513,594718203,1446507541),(515,594718203,1450471522),(517,594718203,1552759944),(519,594718203,100000044472873),(521,594718203,100000174555723),(523,594718203,100000531973429),(525,594718203,100000723925899),(527,594718203,100000792589811),(529,594718203,100001084916820),(783,594718203,100001421991452),(703,596957773,100001084916820),(418,613357301,523692808),(532,613357301,549761157),(494,613357301,594718203),(386,613357301,672213257),(554,613357301,710637824),(131,613357301,769194506),(718,613357301,773429052),(815,613357301,1007156341),(726,613357301,1064679737),(258,613357301,1089638001),(460,613357301,1098037996),(133,613357301,1159747726),(135,613357301,1180228070),(348,613357301,1184172873),(156,613357301,1345831634),(139,613357301,1349928925),(606,613357301,1395066744),(141,613357301,1446507541),(314,613357301,1450471522),(184,613357301,100000044472873),(228,613357301,100000174555723),(143,613357301,100000723925899),(145,613357301,100000792589811),(147,613357301,100001084916820),(785,613357301,100001421991452),(542,613357301,100001510595433),(707,613828046,616304836),(709,613828046,620377218),(711,613828046,703752993),(713,613828046,750580364),(715,613828046,1681442949),(690,616304836,510537542),(708,616304836,613828046),(537,616304836,701781985),(678,616304836,1573646246),(764,616304836,100001594029463),(692,616304836,100002506592956),(710,620377218,613828046),(684,620377218,703752993),(694,620377218,750580364),(673,620377218,1681442949),(420,672213257,523692808),(385,672213257,613357301),(387,672213257,682489009),(556,672213257,710637824),(728,672213257,1064679737),(389,672213257,1066654634),(391,672213257,1089638001),(462,672213257,1098037996),(393,672213257,1159747726),(654,672213257,1182472893),(395,672213257,1184172873),(397,672213257,1345831634),(399,672213257,1349928925),(401,672213257,1358191169),(403,672213257,1450471522),(405,672213257,100000044472873),(407,672213257,100000174555723),(409,672213257,100000531973429),(411,672213257,100000723925899),(413,672213257,100000792589811),(415,672213257,100001084916820),(787,672213257,100001421991452),(384,674887804,701781985),(558,674887804,710637824),(388,682489009,672213257),(226,682489009,1029905490),(153,682489009,1066654634),(454,682489009,100002072321244),(538,701781985,616304836),(383,701781985,674887804),(712,703752993,613828046),(683,703752993,620377218),(696,703752993,750580364),(685,703752993,1681442949),(551,710637824,594718203),(553,710637824,613357301),(555,710637824,672213257),(557,710637824,674887804),(559,710637824,769194506),(561,710637824,1066654634),(563,710637824,1089638001),(565,710637824,1098037996),(569,710637824,1159747726),(571,710637824,1180228070),(656,710637824,1182472893),(573,710637824,1184172873),(575,710637824,1345831634),(577,710637824,1349928925),(579,710637824,1358191169),(608,710637824,1395066744),(581,710637824,1446507541),(583,710637824,1450471522),(585,710637824,1552759944),(587,710637824,100000044472873),(589,710637824,100000174555723),(591,710637824,100000531973429),(593,710637824,100000723925899),(595,710637824,100000792589811),(597,710637824,100001084916820),(789,710637824,100001421991452),(599,710637824,100001501538859),(601,710637824,100001510595433),(714,750580364,613828046),(693,750580364,620377218),(695,750580364,703752993),(697,750580364,1406094412),(699,750580364,1573646246),(701,750580364,1681442949),(534,769194506,549761157),(496,769194506,594718203),(132,769194506,613357301),(560,769194506,710637824),(730,769194506,1064679737),(260,769194506,1089638001),(464,769194506,1098037996),(488,769194506,1121757750),(45,769194506,1180228070),(350,769194506,1184172873),(158,769194506,1345831634),(49,769194506,1349928925),(610,769194506,1395066744),(51,769194506,1446507541),(316,769194506,1450471522),(290,769194506,1552759944),(186,769194506,100000044472873),(230,769194506,100000174555723),(110,769194506,100000531973429),(56,769194506,100000723925899),(53,769194506,100001084916820),(791,769194506,100001421991452),(717,773429052,613357301),(719,773429052,1446507541),(721,773429052,100001084916820),(816,1007156341,613357301),(451,1029458857,1327651586),(831,1029458857,1741192773),(540,1029458857,100000390392256),(766,1029458857,100001594029463),(225,1029905490,682489009),(456,1029905490,100002072321244),(761,1058617938,1159747726),(723,1064679737,594718203),(725,1064679737,613357301),(727,1064679737,672213257),(729,1064679737,769194506),(731,1064679737,1066654634),(733,1064679737,1089638001),(735,1064679737,1180228070),(737,1064679737,1184172873),(739,1064679737,1345831634),(741,1064679737,1349928925),(743,1064679737,1446507541),(745,1064679737,1450471522),(747,1064679737,1552759944),(749,1064679737,1561763359),(751,1064679737,100000044472873),(753,1064679737,100000531973429),(755,1064679737,100000723925899),(757,1064679737,100000792589811),(759,1064679737,100001084916820),(422,1066654634,523692808),(498,1066654634,594718203),(390,1066654634,672213257),(154,1066654634,682489009),(562,1066654634,710637824),(732,1066654634,1064679737),(262,1066654634,1089638001),(466,1066654634,1098037996),(72,1066654634,1159747726),(34,1066654634,1180228070),(658,1066654634,1182472893),(352,1066654634,1184172873),(160,1066654634,1345831634),(25,1066654634,1349928925),(612,1066654634,1395066744),(27,1066654634,1446507541),(318,1066654634,1450471522),(188,1066654634,100000044472873),(232,1066654634,100000174555723),(112,1066654634,100000531973429),(58,1066654634,100000723925899),(29,1066654634,100000792589811),(31,1066654634,100001084916820),(793,1066654634,100001421991452),(222,1066654634,100001501538859),(544,1066654634,100001510595433),(424,1089638001,523692808),(500,1089638001,594718203),(257,1089638001,613357301),(392,1089638001,672213257),(564,1089638001,710637824),(259,1089638001,769194506),(734,1089638001,1064679737),(261,1089638001,1066654634),(468,1089638001,1098037996),(490,1089638001,1121757750),(265,1089638001,1159747726),(267,1089638001,1180228070),(354,1089638001,1184172873),(271,1089638001,1345831634),(273,1089638001,1349928925),(614,1089638001,1395066744),(275,1089638001,1446507541),(320,1089638001,1450471522),(292,1089638001,1552759944),(277,1089638001,100000044472873),(279,1089638001,100000174555723),(281,1089638001,100000531973429),(283,1089638001,100000723925899),(285,1089638001,100000792589811),(287,1089638001,100001084916820),(795,1089638001,100001421991452),(457,1098037996,523692808),(536,1098037996,549761157),(502,1098037996,594718203),(459,1098037996,613357301),(461,1098037996,672213257),(566,1098037996,710637824),(463,1098037996,769194506),(465,1098037996,1066654634),(467,1098037996,1089638001),(492,1098037996,1121757750),(469,1098037996,1159747726),(471,1098037996,1184172873),(473,1098037996,1345831634),(475,1098037996,1349928925),(616,1098037996,1395066744),(477,1098037996,100000044472873),(479,1098037996,100000174555723),(481,1098037996,100000723925899),(483,1098037996,100000792589811),(485,1098037996,100001084916820),(487,1121757750,769194506),(489,1121757750,1089638001),(491,1121757750,1098037996),(675,1129266856,1705340857),(428,1159747726,523692808),(134,1159747726,613357301),(394,1159747726,672213257),(570,1159747726,710637824),(762,1159747726,1058617938),(71,1159747726,1066654634),(266,1159747726,1089638001),(470,1159747726,1098037996),(73,1159747726,1180228070),(358,1159747726,1184172873),(164,1159747726,1345831634),(77,1159747726,1349928925),(620,1159747726,1395066744),(192,1159747726,100000044472873),(236,1159747726,100000174555723),(79,1159747726,100000723925899),(81,1159747726,100000792589811),(83,1159747726,100001084916820),(430,1180228070,523692808),(506,1180228070,594718203),(136,1180228070,613357301),(572,1180228070,710637824),(46,1180228070,769194506),(736,1180228070,1064679737),(33,1180228070,1066654634),(268,1180228070,1089638001),(74,1180228070,1159747726),(660,1180228070,1182472893),(360,1180228070,1184172873),(166,1180228070,1345831634),(37,1180228070,1349928925),(622,1180228070,1395066744),(39,1180228070,1446507541),(324,1180228070,1450471522),(294,1180228070,1552759944),(194,1180228070,100000044472873),(238,1180228070,100000174555723),(116,1180228070,100000531973429),(60,1180228070,100000723925899),(41,1180228070,100000792589811),(43,1180228070,100001084916820),(651,1182472893,523692808),(653,1182472893,672213257),(655,1182472893,710637824),(657,1182472893,1066654634),(659,1182472893,1180228070),(661,1182472893,1184172873),(663,1182472893,1345831634),(665,1182472893,1552759944),(667,1182472893,100000723925899),(669,1182472893,100000792589811),(671,1182472893,100001084916820),(432,1184172873,523692808),(508,1184172873,594718203),(347,1184172873,613357301),(396,1184172873,672213257),(574,1184172873,710637824),(349,1184172873,769194506),(738,1184172873,1064679737),(351,1184172873,1066654634),(353,1184172873,1089638001),(472,1184172873,1098037996),(357,1184172873,1159747726),(359,1184172873,1180228070),(662,1184172873,1182472893),(361,1184172873,1345831634),(363,1184172873,1349928925),(624,1184172873,1395066744),(365,1184172873,1446507541),(367,1184172873,1450471522),(369,1184172873,1552759944),(371,1184172873,100000044472873),(373,1184172873,100000174555723),(375,1184172873,100000531973429),(377,1184172873,100000723925899),(379,1184172873,100000792589811),(381,1184172873,100001084916820),(797,1184172873,100001421991452),(107,1322680887,1792072800),(452,1327651586,1029458857),(448,1327651586,100000188947592),(434,1345831634,523692808),(510,1345831634,594718203),(155,1345831634,613357301),(398,1345831634,672213257),(576,1345831634,710637824),(157,1345831634,769194506),(740,1345831634,1064679737),(159,1345831634,1066654634),(272,1345831634,1089638001),(474,1345831634,1098037996),(163,1345831634,1159747726),(165,1345831634,1180228070),(664,1345831634,1182472893),(362,1345831634,1184172873),(169,1345831634,1349928925),(626,1345831634,1395066744),(171,1345831634,1446507541),(328,1345831634,1450471522),(298,1345831634,1552759944),(173,1345831634,1561763359),(198,1345831634,100000044472873),(242,1345831634,100000174555723),(175,1345831634,100000531973429),(177,1345831634,100000723925899),(179,1345831634,100000792589811),(181,1345831634,100001084916820),(799,1345831634,100001421991452),(546,1345831634,100001510595433),(436,1349928925,523692808),(512,1349928925,594718203),(140,1349928925,613357301),(400,1349928925,672213257),(578,1349928925,710637824),(50,1349928925,769194506),(742,1349928925,1064679737),(26,1349928925,1066654634),(274,1349928925,1089638001),(476,1349928925,1098037996),(78,1349928925,1159747726),(38,1349928925,1180228070),(364,1349928925,1184172873),(170,1349928925,1345831634),(628,1349928925,1395066744),(4,1349928925,1446507541),(330,1349928925,1450471522),(300,1349928925,1552759944),(200,1349928925,100000044472873),(244,1349928925,100000174555723),(120,1349928925,100000531973429),(64,1349928925,100000723925899),(10,1349928925,100000792589811),(1,1349928925,100001084916820),(801,1349928925,100001421991452),(817,1349928925,100002429461739),(438,1358191169,523692808),(402,1358191169,672213257),(580,1358191169,710637824),(803,1358191169,100001421991452),(605,1395066744,613357301),(607,1395066744,710637824),(609,1395066744,769194506),(611,1395066744,1066654634),(613,1395066744,1089638001),(615,1395066744,1098037996),(619,1395066744,1159747726),(621,1395066744,1180228070),(623,1395066744,1184172873),(625,1395066744,1345831634),(627,1395066744,1349928925),(629,1395066744,1446507541),(631,1395066744,1450471522),(633,1395066744,1552759944),(635,1395066744,100000044472873),(637,1395066744,100000174555723),(639,1395066744,100000531973429),(641,1395066744,100000723925899),(643,1395066744,100000792589811),(645,1395066744,100001084916820),(819,1395066744,100002429461739),(698,1406094412,750580364),(216,1406094412,1807008889),(440,1446507541,523692808),(514,1446507541,594718203),(142,1446507541,613357301),(582,1446507541,710637824),(52,1446507541,769194506),(720,1446507541,773429052),(744,1446507541,1064679737),(28,1446507541,1066654634),(276,1446507541,1089638001),(40,1446507541,1180228070),(366,1446507541,1184172873),(172,1446507541,1345831634),(3,1446507541,1349928925),(630,1446507541,1395066744),(332,1446507541,1450471522),(302,1446507541,1552759944),(202,1446507541,100000044472873),(246,1446507541,100000174555723),(122,1446507541,100000531973429),(66,1446507541,100000723925899),(12,1446507541,100000792589811),(5,1446507541,100001084916820),(516,1450471522,594718203),(313,1450471522,613357301),(404,1450471522,672213257),(584,1450471522,710637824),(315,1450471522,769194506),(746,1450471522,1064679737),(317,1450471522,1066654634),(319,1450471522,1089638001),(323,1450471522,1180228070),(368,1450471522,1184172873),(327,1450471522,1345831634),(329,1450471522,1349928925),(632,1450471522,1395066744),(331,1450471522,1446507541),(333,1450471522,1552759944),(335,1450471522,100000044472873),(337,1450471522,100000174555723),(339,1450471522,100000531973429),(341,1450471522,100000723925899),(343,1450471522,100000792589811),(345,1450471522,100001084916820),(773,1547760697,100000924046118),(518,1552759944,594718203),(586,1552759944,710637824),(289,1552759944,769194506),(748,1552759944,1064679737),(291,1552759944,1089638001),(293,1552759944,1180228070),(666,1552759944,1182472893),(370,1552759944,1184172873),(297,1552759944,1345831634),(299,1552759944,1349928925),(634,1552759944,1395066744),(301,1552759944,1446507541),(334,1552759944,1450471522),(303,1552759944,100000044472873),(305,1552759944,100000531973429),(307,1552759944,100000723925899),(309,1552759944,100000792589811),(311,1552759944,100001084916820),(548,1552759944,100001510595433),(750,1561763359,1064679737),(174,1561763359,1345831634),(124,1561763359,100000531973429),(85,1561763359,100000723925899),(87,1561763359,100000792589811),(89,1561763359,100001084916820),(680,1570732973,1573646246),(450,1570732973,100000188947592),(768,1570732973,100001594029463),(775,1570732973,100002510819072),(677,1573646246,616304836),(700,1573646246,750580364),(679,1573646246,1570732973),(681,1573646246,100000390392256),(770,1573646246,100001594029463),(777,1573646246,100002510819072),(716,1681442949,613828046),(674,1681442949,620377218),(686,1681442949,703752993),(702,1681442949,750580364),(212,1700922992,100000637301295),(823,1705340857,508369209),(676,1705340857,1129266856),(832,1741192773,1029458857),(822,1745432467,100001414791936),(687,1781028232,100000414830877),(108,1792072800,1322680887),(215,1807008889,1406094412),(217,1810156935,100000414830877),(442,100000044472873,523692808),(520,100000044472873,594718203),(183,100000044472873,613357301),(406,100000044472873,672213257),(588,100000044472873,710637824),(185,100000044472873,769194506),(752,100000044472873,1064679737),(187,100000044472873,1066654634),(278,100000044472873,1089638001),(478,100000044472873,1098037996),(191,100000044472873,1159747726),(193,100000044472873,1180228070),(372,100000044472873,1184172873),(197,100000044472873,1345831634),(199,100000044472873,1349928925),(636,100000044472873,1395066744),(201,100000044472873,1446507541),(336,100000044472873,1450471522),(304,100000044472873,1552759944),(248,100000044472873,100000174555723),(203,100000044472873,100000531973429),(205,100000044472873,100000723925899),(207,100000044472873,100000792589811),(209,100000044472873,100001084916820),(805,100000044472873,100001421991452),(522,100000174555723,594718203),(227,100000174555723,613357301),(408,100000174555723,672213257),(590,100000174555723,710637824),(229,100000174555723,769194506),(231,100000174555723,1066654634),(280,100000174555723,1089638001),(480,100000174555723,1098037996),(235,100000174555723,1159747726),(237,100000174555723,1180228070),(374,100000174555723,1184172873),(241,100000174555723,1345831634),(243,100000174555723,1349928925),(638,100000174555723,1395066744),(245,100000174555723,1446507541),(338,100000174555723,1450471522),(247,100000174555723,100000044472873),(249,100000174555723,100000531973429),(251,100000174555723,100000723925899),(253,100000174555723,100000792589811),(255,100000174555723,100001084916820),(807,100000174555723,100001421991452),(447,100000188947592,1327651586),(449,100000188947592,1570732973),(220,100000270898843,100000807496408),(539,100000390392256,1029458857),(682,100000390392256,1573646246),(772,100000390392256,100001594029463),(688,100000414830877,1781028232),(218,100000414830877,1810156935),(524,100000531973429,594718203),(410,100000531973429,672213257),(592,100000531973429,710637824),(109,100000531973429,769194506),(754,100000531973429,1064679737),(111,100000531973429,1066654634),(282,100000531973429,1089638001),(115,100000531973429,1180228070),(376,100000531973429,1184172873),(176,100000531973429,1345831634),(119,100000531973429,1349928925),(640,100000531973429,1395066744),(121,100000531973429,1446507541),(340,100000531973429,1450471522),(306,100000531973429,1552759944),(123,100000531973429,1561763359),(204,100000531973429,100000044472873),(250,100000531973429,100000174555723),(125,100000531973429,100000723925899),(127,100000531973429,100000792589811),(129,100000531973429,100001084916820),(211,100000637301295,1700922992),(213,100000637301295,100001302743477),(648,100000637301295,100002132493670),(444,100000723925899,523692808),(526,100000723925899,594718203),(144,100000723925899,613357301),(412,100000723925899,672213257),(594,100000723925899,710637824),(55,100000723925899,769194506),(756,100000723925899,1064679737),(57,100000723925899,1066654634),(284,100000723925899,1089638001),(482,100000723925899,1098037996),(80,100000723925899,1159747726),(59,100000723925899,1180228070),(668,100000723925899,1182472893),(378,100000723925899,1184172873),(178,100000723925899,1345831634),(63,100000723925899,1349928925),(642,100000723925899,1395066744),(65,100000723925899,1446507541),(342,100000723925899,1450471522),(308,100000723925899,1552759944),(86,100000723925899,1561763359),(206,100000723925899,100000044472873),(252,100000723925899,100000174555723),(126,100000723925899,100000531973429),(67,100000723925899,100000792589811),(69,100000723925899,100001084916820),(150,100000723925899,100001344234713),(809,100000723925899,100001421991452),(825,100000791287435,508369209),(528,100000792589811,594718203),(146,100000792589811,613357301),(414,100000792589811,672213257),(596,100000792589811,710637824),(758,100000792589811,1064679737),(30,100000792589811,1066654634),(286,100000792589811,1089638001),(484,100000792589811,1098037996),(82,100000792589811,1159747726),(42,100000792589811,1180228070),(670,100000792589811,1182472893),(380,100000792589811,1184172873),(180,100000792589811,1345831634),(9,100000792589811,1349928925),(644,100000792589811,1395066744),(11,100000792589811,1446507541),(344,100000792589811,1450471522),(310,100000792589811,1552759944),(88,100000792589811,1561763359),(208,100000792589811,100000044472873),(254,100000792589811,100000174555723),(128,100000792589811,100000531973429),(68,100000792589811,100000723925899),(13,100000792589811,100001084916820),(550,100000792589811,100001510595433),(219,100000807496408,100000270898843),(774,100000924046118,1547760697),(446,100001084916820,523692808),(530,100001084916820,594718203),(704,100001084916820,596957773),(148,100001084916820,613357301),(416,100001084916820,672213257),(598,100001084916820,710637824),(54,100001084916820,769194506),(722,100001084916820,773429052),(760,100001084916820,1064679737),(32,100001084916820,1066654634),(288,100001084916820,1089638001),(486,100001084916820,1098037996),(84,100001084916820,1159747726),(44,100001084916820,1180228070),(672,100001084916820,1182472893),(382,100001084916820,1184172873),(182,100001084916820,1345831634),(2,100001084916820,1349928925),(646,100001084916820,1395066744),(6,100001084916820,1446507541),(346,100001084916820,1450471522),(312,100001084916820,1552759944),(90,100001084916820,1561763359),(210,100001084916820,100000044472873),(256,100001084916820,100000174555723),(130,100001084916820,100000531973429),(70,100001084916820,100000723925899),(14,100001084916820,100000792589811),(706,100001084916820,100001102014877),(152,100001084916820,100001344234713),(811,100001084916820,100001421991452),(224,100001084916820,100001501538859),(813,100001084916820,100001666066968),(781,100001088627474,100001323646758),(705,100001102014877,100001084916820),(8,100001254666647,100001298431316),(7,100001298431316,100001254666647),(214,100001302743477,100000637301295),(650,100001302743477,100002132493670),(782,100001323646758,100001088627474),(149,100001344234713,100000723925899),(151,100001344234713,100001084916820),(821,100001414791936,1745432467),(784,100001421991452,594718203),(786,100001421991452,613357301),(788,100001421991452,672213257),(790,100001421991452,710637824),(792,100001421991452,769194506),(794,100001421991452,1066654634),(796,100001421991452,1089638001),(798,100001421991452,1184172873),(800,100001421991452,1345831634),(802,100001421991452,1349928925),(804,100001421991452,1358191169),(806,100001421991452,100000044472873),(808,100001421991452,100000174555723),(810,100001421991452,100000723925899),(812,100001421991452,100001084916820),(827,100001449814694,508369209),(604,100001449814694,100001931396970),(600,100001501538859,710637824),(221,100001501538859,1066654634),(223,100001501538859,100001084916820),(541,100001510595433,613357301),(602,100001510595433,710637824),(543,100001510595433,1066654634),(545,100001510595433,1345831634),(547,100001510595433,1552759944),(549,100001510595433,100000792589811),(763,100001594029463,616304836),(765,100001594029463,1029458857),(767,100001594029463,1570732973),(769,100001594029463,1573646246),(771,100001594029463,100000390392256),(779,100001594029463,100002510819072),(814,100001666066968,100001084916820),(829,100001931396970,508369209),(603,100001931396970,100001449814694),(453,100002072321244,682489009),(455,100002072321244,1029905490),(647,100002132493670,100000637301295),(649,100002132493670,100001302743477),(818,100002429461739,1349928925),(820,100002429461739,1395066744),(691,100002506592956,616304836),(776,100002510819072,1570732973),(778,100002510819072,1573646246),(780,100002510819072,100001594029463);
/*!40000 ALTER TABLE `profiles_user_friends` ENABLE KEYS */;
UNLOCK TABLES;

--
-- Table structure for table `social_userhistory`
--

DROP TABLE IF EXISTS `social_userhistory`;
/*!40101 SET @saved_cs_client     = @@character_set_client */;
/*!40101 SET character_set_client = utf8 */;
CREATE TABLE `social_userhistory` (
  `id` int(11) NOT NULL AUTO_INCREMENT,
  `user_id` bigint(20) NOT NULL,
  `date` date NOT NULL,
  `amount` int(11) NOT NULL,
  `cigarette_id` int(11) NOT NULL,
  PRIMARY KEY (`id`),
  UNIQUE KEY `social_userhistory_date_1c77618532b5b47_uniq` (`date`,`user_id`),
  KEY `social_userhistory_fbfc09f1` (`user_id`),
  KEY `social_userhistory_fd651c49` (`cigarette_id`),
  CONSTRAINT `cigarette_id_refs_id_12ba3fc5166e8260` FOREIGN KEY (`cigarette_id`) REFERENCES `cigarette_cigarette` (`id`),
  CONSTRAINT `user_id_refs_id_33653acfe72c3e33` FOREIGN KEY (`user_id`) REFERENCES `profiles_user` (`id`)
) ENGINE=InnoDB AUTO_INCREMENT=177 DEFAULT CHARSET=latin1;
/*!40101 SET character_set_client = @saved_cs_client */;

--
-- Dumping data for table `social_userhistory`
--

LOCK TABLES `social_userhistory` WRITE;
/*!40000 ALTER TABLE `social_userhistory` DISABLE KEYS */;
INSERT INTO `social_userhistory` VALUES (1,100001084916820,'2012-09-01',20,18),(2,1349928925,'2012-09-01',19,18),(3,100001254666647,'2012-09-01',20,18),(4,100001298431316,'2012-09-01',20,18),(6,1144973521,'2012-09-01',7,18),(8,1066654634,'2012-09-01',13,18),(9,769194506,'2012-09-01',200,18),(10,100000792589811,'2012-09-01',10,18),(11,1446507541,'2012-09-01',2,18),(12,1792072800,'2012-09-01',1,18),(13,1561763359,'2012-09-01',5,18),(16,100001084916820,'2012-09-02',15,10),(18,100001344234713,'2012-09-02',3,18),(20,1066654634,'2012-09-02',12,18),(22,1349928925,'2012-09-02',15,20),(34,1345831634,'2012-09-02',0,7),(35,100000792589811,'2012-09-02',10,18),(36,1322680887,'2012-09-02',10,18),(38,1547760697,'2012-09-02',15,19),(39,674887804,'2012-09-02',10,12),(40,573404389,'2012-09-02',1,18),(41,1807008889,'2012-09-02',20,18),(42,100000807496408,'2012-09-02',24,11),(45,100000174555723,'2012-09-02',4,18),(49,100001084916820,'2012-08-02',20,10),(50,100001084916820,'2012-08-26',16,10),(51,100001084916820,'2012-08-19',17,10),(52,100001084916820,'2012-08-12',18,10),(53,100001084916820,'2012-08-29',13,10),(56,100001254666647,'2012-09-02',1,18),(62,100001298431316,'2012-09-02',11,18),(66,1089638001,'2012-09-02',1,18),(67,1552759944,'2012-09-02',10,11),(68,100000308251457,'2012-09-02',20,18),(69,1029905490,'2012-09-02',73,15),(73,1184172873,'2012-09-02',7,12),(79,727328075,'2012-09-02',6,10),(80,672213257,'2012-09-02',1,18),(81,100000188947592,'2012-09-02',-10,14),(83,1029458857,'2012-09-02',1,4),(86,100002072321244,'2012-09-02',5,14),(87,1121757750,'2012-09-02',12,18),(89,1446507541,'2012-09-02',0,18),(90,549761157,'2012-09-02',20,10),(91,1570732973,'2012-09-02',30,12),(92,100000792589811,'2012-09-03',5,18),(93,1029905490,'2012-09-03',71,15),(94,100001254666647,'2012-09-03',5,18),(95,573404389,'2012-09-03',1,18),(96,100001510595433,'2012-09-03',8,17),(97,710637824,'2012-09-03',0,18),(99,100000270898843,'2012-09-03',24,9),(100,1349928925,'2012-09-03',10,18),(101,1395066744,'2012-09-03',3,18),(104,100001084916820,'2012-09-03',14,10),(105,620377218,'2012-09-03',5,4),(108,100000858875121,'2012-09-03',0,3),(109,1573646246,'2012-09-04',5,20),(113,1349928925,'2012-09-04',8,18),(114,703752993,'2012-09-04',5,14),(116,100000181779412,'2012-09-04',12,20),(117,510537542,'2012-09-04',2,3),(118,100002506592956,'2012-09-04',9,20),(120,1184172873,'2012-09-04',6,12),(121,596957773,'2012-09-04',0,19),(122,1029905490,'2012-09-04',0,15),(123,682489009,'2012-09-04',0,3),(125,1184172873,'2012-09-05',5,12),(126,1349928925,'2012-09-05',4,18),(127,727328075,'2012-09-05',5,10),(128,703752993,'2012-09-05',4,14),(129,100001102014877,'2012-09-05',0,10),(133,100000723925899,'2012-09-05',2,8),(134,100000637301295,'2012-09-05',100,9),(135,1066654634,'2012-09-05',4,18),(138,613828046,'2012-09-05',1,5),(139,100002231124403,'2012-09-05',15,10),(140,620377218,'2012-09-05',75,22),(142,1064679737,'2012-09-05',1,19),(143,100000320978235,'2012-09-05',5,18),(144,1058617938,'2012-09-05',3,19),(145,100001084916820,'2012-09-05',13,10),(146,100001414791936,'2012-09-05',36,3),(147,100000924046118,'2012-09-06',5,8),(148,100002510819072,'2012-09-06',50,14),(150,1184859626,'2012-09-06',40,14),(151,100001088627474,'2012-09-06',20,19),(153,100001323646758,'2012-09-06',2,10),(158,729965581,'2012-09-06',1,14),(159,1582719862,'2012-09-06',6,18),(162,100000357711280,'2012-09-06',17,19),(163,100002429461739,'2012-09-07',2,3),(164,100000514759428,'2012-09-08',4,10),(165,1184172873,'2012-09-09',4,12),(166,1349928925,'2012-09-10',7,18),(167,100001951647982,'2012-09-10',30,4),(170,508369209,'2012-09-10',10,14),(171,100000792589811,'2012-09-11',0,18),(172,1741192773,'2012-09-14',5,8),(175,1184172873,'2012-09-15',3,12),(176,1483466867,'2012-09-18',1,3);
/*!40000 ALTER TABLE `social_userhistory` ENABLE KEYS */;
UNLOCK TABLES;

--
-- Table structure for table `social_wall`
--

DROP TABLE IF EXISTS `social_wall`;
/*!40101 SET @saved_cs_client     = @@character_set_client */;
/*!40101 SET character_set_client = utf8 */;
CREATE TABLE `social_wall` (
  `id` int(11) NOT NULL AUTO_INCREMENT,
  `user_id` bigint(20) NOT NULL,
  `date` datetime NOT NULL,
  `message` longtext NOT NULL,
  `privacy` varchar(1) NOT NULL,
  `type` varchar(1) NOT NULL,
  PRIMARY KEY (`id`),
  KEY `social_wall_fbfc09f1` (`user_id`),
  CONSTRAINT `user_id_refs_id_1c4b682d02552053` FOREIGN KEY (`user_id`) REFERENCES `profiles_user` (`id`)
) ENGINE=InnoDB AUTO_INCREMENT=148 DEFAULT CHARSET=latin1;
/*!40101 SET character_set_client = @saved_cs_client */;

--
-- Dumping data for table `social_wall`
--

LOCK TABLES `social_wall` WRITE;
/*!40000 ALTER TABLE `social_wall` DISABLE KEYS */;
INSERT INTO `social_wall` VALUES (3,769194506,'2012-09-01 22:58:59','I feeel good! Tanananan!','2','1'),(6,100001084916820,'2012-09-01 23:16:25','ola, eu sou outro teste de comentario no facebook!! ','2','1'),(7,1446507541,'2012-09-01 23:20:29','Auuuuuuuuuuuuiiiiiiiiii!','2','1'),(9,100000792589811,'2012-09-02 00:30:43','E com a percia de um obstetra','2','1'),(11,100000792589811,'2012-09-02 00:30:49','Em meio a um bosque cheio de flores','2','1'),(14,100000792589811,'2012-09-02 00:31:14','Os passarinhos em revoada','2','1'),(16,100001084916820,'2012-09-02 00:31:19','teste 1 ','2','1'),(17,100000792589811,'2012-09-02 00:31:21','A lua cheia iluminava...','2','1'),(18,100001084916820,'2012-09-02 00:31:27','agora eh o teste 2','2','1'),(19,100001084916820,'2012-09-02 00:31:35','e la vamos nos','2','1'),(20,100001084916820,'2012-09-02 00:31:42','ta quase','2','1'),(38,100001084916820,'2012-09-02 05:47:31','teste de publicacao ','2','1'),(40,100001084916820,'2012-09-02 06:19:46','remove this post','2','1'),(41,100001084916820,'2012-09-02 06:20:25','stay healthy http://www.cancer.org/Healthy/StayAwayfromTobacco/GuidetoQuittingSmoking/index','2','1'),(42,100001344234713,'2012-09-02 06:33:50','Lutistraits???wtf?','2','1'),(43,100001084916820,'2012-09-02 06:36:43','rsrsr gabi  o sites ainda esta em construo!! por isso ta com esses nomes malucos huahuauhhuahua  : ) ','2','1'),(45,1349928925,'2012-09-02 07:57:44',':) naofu.me','2','1'),(53,1349928925,'2012-09-02 11:35:20',' diminuiu seu consumo em 26.32%! Parabns, continue assim :)','2','2'),(60,100000792589811,'2012-09-02 14:58:58',' diminuiu seu consumo em 30.00%! Parabns, continue assim :)','2','2'),(63,100001084916820,'2012-09-02 21:21:59',' diminuiu seu consumo em 25.00%! Parabns, continue assim :)','2','2'),(64,100000174555723,'2012-09-02 21:25:44','Testando posta postagem do phinpho','2','1'),(65,100000174555723,'2012-09-02 21:26:18','Por aqui','2','1'),(68,100001254666647,'2012-09-02 21:44:23',' atualizou seus dados de consumo/metas.','2','2'),(69,100001254666647,'2012-09-02 21:44:29',' atualizou seus dados de consumo/metas.','2','2'),(70,100001254666647,'2012-09-02 21:44:29',' atualizou seus dados de consumo/metas.','2','2'),(71,100001254666647,'2012-09-02 21:44:29',' atualizou seus dados de consumo/metas.','2','2'),(72,100001254666647,'2012-09-02 21:44:30',' atualizou seus dados de consumo/metas.','2','2'),(73,100001254666647,'2012-09-02 21:44:30',' atualizou seus dados de consumo/metas.','2','2'),(74,100001298431316,'2012-09-02 21:44:35',' atualizou seus dados de consumo/metas.','2','2'),(75,100001298431316,'2012-09-02 21:44:40',' diminuiu seu consumo em 45.00%! Parabns, continue assim :)','2','2'),(76,100001254666647,'2012-09-02 23:10:48',' diminuiu seu consumo em 50.00%! Uow!!! Muito bom!!','2','2'),(77,100001254666647,'2012-09-02 23:11:01',' parou de fumar! Parabens pela fora de vontade! Acesse a pgina de estatstica e veja como foi seu progresso e a economia gerada em tempo real!','2','2'),(78,1029905490,'2012-09-02 23:41:44',' atualizou seus dados de consumo/metas.','2','2'),(79,1029905490,'2012-09-02 23:41:46',' atualizou seus dados de consumo/metas.','2','2'),(80,1029905490,'2012-09-02 23:41:49',' atualizou seus dados de consumo/metas.','2','2'),(81,1184172873,'2012-09-03 00:42:50',' atualizou seus dados de consumo.','2','2'),(82,1184172873,'2012-09-03 00:43:01',' atualizou seus dados de consumo.','2','2'),(83,1184172873,'2012-09-03 00:43:19','<script>alert(1);</script>','2','1'),(86,1184172873,'2012-09-03 01:22:41','Esta difcil mais estou conseguindo.. Uma semana sem cigarro. :D','2','1'),(87,1029458857,'2012-09-03 01:34:42',' atualizou seus dados de consumo.','2','2'),(88,1029458857,'2012-09-03 01:34:47',' atualizou seus dados de consumo.','2','2'),(89,100001254666647,'2012-09-03 02:13:28',' diminuiu seu consumo em 95.00%! Uow!!! Muito bom!!','2','2'),(90,1446507541,'2012-09-03 02:23:06',' parou de fumar! Parabens pela fora de vontade! Acesse as <a href=\"/cristianoam/estatistica/\">estatsticas</a> e veja como foi seu progresso e a economia gerada em tempo real!','2','2'),(91,1446507541,'2012-09-03 02:23:25','Uhuuu pareeii!!!','2','1'),(92,100000792589811,'2012-09-03 11:51:15',' diminuiu seu consumo em 50.00%! Uow!!! Muito bom!!','2','2'),(93,1029905490,'2012-09-03 13:38:56',' diminuiu seu consumo em 2.74%! Parabns, continue assim :)','2','2'),(94,100001254666647,'2012-09-03 13:48:49',' aumentou seu consumo em 80.00%! Vamos l, voc consegue mudar essa situao!','2','2'),(95,573404389,'2012-09-03 14:04:10',' atualizou seus dados de consumo.','2','2'),(96,573404389,'2012-09-03 14:04:12',' atualizou seus dados de consumo.','2','2'),(97,100001084916820,'2012-09-03 16:30:45','to gostando de ver o empenho do pessoal em parar de fumar \\o/','2','1'),(98,100001510595433,'2012-09-03 18:10:38','Parei de fumar! uhuuu! ','2','1'),(99,710637824,'2012-09-03 19:14:54',' atualizou seus dados de consumo.','2','2'),(100,710637824,'2012-09-03 19:15:10','Gl gl gl! Fumei!','2','1'),(101,1349928925,'2012-09-03 20:26:30',' diminuiu seu consumo em 33.33%! Parabns, continue assim :)','2','2'),(102,1395066744,'2012-09-03 20:41:25',' atualizou seus dados de consumo.','2','2'),(103,100001084916820,'2012-09-03 23:08:33','parabns para o flaviosil!! ele atingiu a meta!! que sirva de exemplo a todos \\o/ ','2','1'),(104,100001084916820,'2012-09-03 23:08:52',' diminuiu seu consumo em 6.67%! Parabns, continue assim :)','2','2'),(105,620377218,'2012-09-04 01:31:50',' atualizou seus dados de consumo.','2','2'),(106,620377218,'2012-09-04 01:31:58',' atualizou seus dados de consumo.','2','2'),(107,1573646246,'2012-09-04 12:43:26',' atualizou seus dados de consumo.','2','2'),(108,1573646246,'2012-09-04 12:43:30',' atualizou seus dados de consumo.','2','2'),(109,1573646246,'2012-09-04 13:13:58',' atualizou seus dados de consumo.','2','2'),(110,1349928925,'2012-09-04 13:56:19',' diminuiu seu consumo em 20.00%! Parabns, continue assim :)','2','2'),(111,1349928925,'2012-09-04 13:56:26','estou conseguindo!','2','1'),(113,100002506592956,'2012-09-04 22:53:11','Ser que vou conseguir?','2','1'),(114,100002506592956,'2012-09-04 23:31:44','consigo no','2','1'),(115,100002506592956,'2012-09-04 23:31:48',' atualizou seus dados de consumo.','2','2'),(116,1184172873,'2012-09-05 00:57:03',' diminuiu seu consumo em 14.29% em relao a marca estabelecida a 2 dias! Parabns, continue assim :)','2','2'),(117,1029905490,'2012-09-05 01:28:58',' parou de fumar! Parabens pela fora de vontade! Acesse as <a href=\"/diegochavao/estatistica/\">estatsticas</a> e veja como foi seu progresso e a economia gerada em tempo real!','2','2'),(120,1184172873,'2012-09-05 11:13:48',' diminuiu seu consumo em 16.67%! Parabns, continue assim :)','2','2'),(121,1349928925,'2012-09-05 12:40:33',' diminuiu seu consumo em 25.00%! Parabns, continue assim :)','2','2'),(122,727328075,'2012-09-05 17:17:29',' diminuiu seu consumo em 16.67% em relao a marca estabelecida a 3 dias! Parabns, continue assim :)','2','2'),(123,703752993,'2012-09-05 18:01:55',' diminuiu seu consumo em 20.00%! Parabns, continue assim :)','2','2'),(124,100001102014877,'2012-09-05 18:25:04',' atualizou seus dados de consumo.','2','2'),(125,100001102014877,'2012-09-05 18:25:22',' atualizou seus dados de consumo.','2','2'),(126,1349928925,'2012-09-05 19:42:45',' diminuiu seu consumo em 50.00%! Uow!!! Muito bom!!','2','2'),(127,100000723925899,'2012-09-05 20:03:18','fumei?','2','1'),(128,1066654634,'2012-09-05 21:58:19',' diminuiu seu consumo em 50.00% em relao a marca estabelecida a 3 dias! Uow!!! Muito bom!!','2','2'),(129,1066654634,'2012-09-05 21:58:34',' diminuiu seu consumo em 66.67% em relao a marca estabelecida a 3 dias! Uow!!! Muito bom!!','2','2'),(130,620377218,'2012-09-05 22:10:01',' atualizou seus dados de consumo.','2','2'),(131,620377218,'2012-09-05 22:10:11',' aumentou seu consumo em 93.33% em relao a marca estabelecida a 2 dias! Vamos l, voc consegue mudar essa situao!','2','2'),(132,100001084916820,'2012-09-06 00:46:59',' diminuiu seu consumo em 7.14% em relao a marca estabelecida a 2 dias! Parabns, continue assim :)','2','2'),(133,100002510819072,'2012-09-06 12:10:52',' atualizou seus dados de consumo.','2','2'),(134,100001088627474,'2012-09-06 16:48:36',' atualizou seus dados de consumo.','2','2'),(138,1582719862,'2012-09-06 17:30:49',' atualizou seus dados de consumo.','2','2'),(139,1582719862,'2012-09-06 17:30:54',' atualizou seus dados de consumo.','2','2'),(140,1184172873,'2012-09-09 14:38:46',' diminuiu seu consumo em 20.00% em relao a marca estabelecida a 4 dias! Parabns, continue assim :)','2','2'),(141,1349928925,'2012-09-10 14:17:16',' aumentou seu consumo em 42.86% em relao a marca estabelecida a 5 dias! Vamos l, voc consegue mudar essa situao!','2','2'),(142,100001951647982,'2012-09-10 21:22:48',' atualizou seus dados de consumo.','2','2'),(143,100001951647982,'2012-09-10 21:22:53',' atualizou seus dados de consumo.','2','2'),(144,100000792589811,'2012-09-11 16:37:33',' parou de fumar! Parabens pela fora de vontade! Acesse as <a href=\"/diogodca/estatistica/\">estatsticas</a> e veja como foi seu progresso e a economia gerada em tempo real!','2','2'),(145,1741192773,'2012-09-15 00:46:20',' atualizou seus dados de consumo.','2','2'),(146,1741192773,'2012-09-15 00:46:26',' atualizou seus dados de consumo.','2','2'),(147,1184172873,'2012-09-15 17:55:52',' diminuiu seu consumo em 25.00% em relao a marca estabelecida a 6 dias! Parabns, continue assim :)','2','2');
/*!40000 ALTER TABLE `social_wall` ENABLE KEYS */;
UNLOCK TABLES;

--
-- Table structure for table `south_migrationhistory`
--

DROP TABLE IF EXISTS `south_migrationhistory`;
/*!40101 SET @saved_cs_client     = @@character_set_client */;
/*!40101 SET character_set_client = utf8 */;
CREATE TABLE `south_migrationhistory` (
  `id` int(11) NOT NULL AUTO_INCREMENT,
  `app_name` varchar(255) NOT NULL,
  `migration` varchar(255) NOT NULL,
  `applied` datetime NOT NULL,
  PRIMARY KEY (`id`)
) ENGINE=InnoDB AUTO_INCREMENT=13 DEFAULT CHARSET=latin1;
/*!40101 SET character_set_client = @saved_cs_client */;

--
-- Dumping data for table `south_migrationhistory`
--

LOCK TABLES `south_migrationhistory` WRITE;
/*!40000 ALTER TABLE `south_migrationhistory` DISABLE KEYS */;
INSERT INTO `south_migrationhistory` VALUES (1,'profiles','0001_initial','2012-09-01 20:28:19'),(2,'profiles','0002_auto__chg_field_user_meta','2012-09-01 20:28:19'),(3,'profiles','0003_auto__add_unique_friend_user_fb_id','2012-09-01 20:28:19'),(4,'profiles','0004_auto__add_unique_user_username','2012-09-01 20:28:19'),(5,'profiles','0005_auto__add_field_user_created','2012-09-01 20:28:19'),(6,'profiles','0006_auto','2012-09-01 20:28:19'),(7,'profiles','0007_auto__del_friend__del_unique_friend_user_fb_id','2012-09-01 20:28:19'),(8,'social','0001_initial','2012-09-01 20:28:19'),(9,'social','0002_auto__add_unique_userhistory_date_user','2012-09-01 20:28:19'),(10,'cigarette','0001_initial','2012-09-01 20:28:19'),(11,'cigarette','0002_auto__del_historycigarette__add_field_cigarette_price__add_field_cigar','2012-09-01 22:08:38'),(12,'social','0003_auto__add_field_wall_type','2012-09-02 07:35:25');
/*!40000 ALTER TABLE `south_migrationhistory` ENABLE KEYS */;
UNLOCK TABLES;
/*!40103 SET TIME_ZONE=@OLD_TIME_ZONE */;

/*!40101 SET SQL_MODE=@OLD_SQL_MODE */;
/*!40014 SET FOREIGN_KEY_CHECKS=@OLD_FOREIGN_KEY_CHECKS */;
/*!40014 SET UNIQUE_CHECKS=@OLD_UNIQUE_CHECKS */;
/*!40101 SET CHARACTER_SET_CLIENT=@OLD_CHARACTER_SET_CLIENT */;
/*!40101 SET CHARACTER_SET_RESULTS=@OLD_CHARACTER_SET_RESULTS */;
/*!40101 SET COLLATION_CONNECTION=@OLD_COLLATION_CONNECTION */;
/*!40111 SET SQL_NOTES=@OLD_SQL_NOTES */;

-- Dump completed on 2012-09-18 21:02:59
